"Time (s)","Acceleration x (m/s^2)","Acceleration y (m/s^2)","Acceleration z (m/s^2)","Absolute acceleration (m/s^2)"
0.000000000E0,-5.448669434E-2,-7.694000244E-2,9.741143188E0,9.741599416E0
1.001000003E-2,-1.736389160E-2,-5.269042969E-2,9.787546692E0,9.787703920E0
2.005000005E-2,2.245330811E-2,-2.619552612E-2,9.789193268E0,9.789254067E0
3.009000001E-2,1.930984497E-2,-1.916015625E-2,9.757010193E0,9.757048113E0
4.010000004E-2,4.760101318E-2,-8.981323242E-4,9.744885406E0,9.745001706E0
5.014000001E-2,1.347198486E-2,-1.691482544E-2,9.752070465E0,9.752094440E0
6.015000003E-2,-4.790039062E-2,-5.673202515E-2,9.770482178E0,9.770764297E0
7.019000006E-2,-3.427871704E-2,-4.760101318E-2,9.769434357E0,9.769610460E0
8.020000003E-2,-2.993774414E-3,-3.861968994E-2,9.756860504E0,9.756937396E0
9.024000005E-2,3.293151855E-3,-2.499801636E-2,9.749525757E0,9.749558361E0
1.002500000E-1,6.286926270E-3,-2.664459229E-2,9.753118286E0,9.753156708E0
1.102900000E-1,-1.691482544E-2,-4.715194702E-2,9.760902100E0,9.761030643E0
1.203310000E-1,-6.646179199E-2,-9.759704590E-2,9.755662994E0,9.756377546E0
1.303400000E-1,-6.361770630E-2,-1.213975525E-1,9.755064240E0,9.756027004E0
1.403810000E-1,-9.879455566E-3,-8.128097534E-2,9.751771088E0,9.752114824E0
1.503910000E-1,-2.140548706E-2,-6.810836792E-2,9.756261749E0,9.756522960E0
1.604310001E-1,-3.742218018E-3,-5.568420410E-2,9.766889648E0,9.767049101E0
1.704410000E-1,9.430389404E-3,-3.577560425E-2,9.760453033E0,9.760523154E0
1.804810000E-1,-7.634124756E-3,-2.589614868E-2,9.761650543E0,9.761687878E0
1.905210000E-1,7.484436035E-4,-2.020797729E-2,9.763297119E0,9.763318061E0
2.005310000E-1,1.017883301E-2,-2.005828857E-2,9.763446808E0,9.763472718E0
2.105710000E-1,1.706451416E-2,-1.736389160E-2,9.756261749E0,9.756292125E0
2.205810000E-1,1.990859985E-2,-2.993774414E-2,9.746082916E0,9.746149231E0
2.306210001E-1,4.640350342E-3,-4.505630493E-2,9.764045563E0,9.764150621E0
2.406310000E-1,-1.062789917E-2,-5.748046875E-2,9.766290894E0,9.766465828E0
2.506710000E-1,-1.272354126E-2,-6.361770630E-2,9.767338715E0,9.767554180E0
2.606810000E-1,-2.888992310E-2,-7.649093628E-2,9.767338715E0,9.767680946E0
2.707210000E-1,-4.475692749E-2,-8.397537231E-2,9.756261749E0,9.756725802E0
2.807620000E-1,-5.733078003E-2,-5.643264771E-2,9.758207703E0,9.758539288E0
2.907710000E-1,-5.508544922E-2,-5.149291992E-2,9.771080933E0,9.771371885E0
3.008120000E-1,-4.026626587E-2,-4.430786133E-2,9.764494629E0,9.764678178E0
3.108210000E-1,-3.502716064E-2,-4.370910645E-2,9.749974823E0,9.750135714E0
3.208620001E-1,-1.481918335E-2,-5.014572144E-2,9.753866730E0,9.754006889E0
3.308710000E-1,-1.496887207E-4,-3.757186890E-2,9.758806458E0,9.758878785E0
3.409120000E-1,1.212478638E-2,-2.933898926E-2,9.760752411E0,9.760804035E0
3.509220000E-1,3.038681030E-2,-4.340972900E-2,9.767338715E0,9.767482446E0
3.609620000E-1,2.784210205E-2,-3.802093506E-2,9.760153656E0,9.760267423E0
3.710020000E-1,9.879455566E-3,-5.643264771E-2,9.740245056E0,9.740413544E0
3.810120000E-1,8.831634521E-3,-4.715194702E-2,9.753118286E0,9.753236263E0
3.910520000E-1,2.095642090E-3,-4.655319214E-2,9.755662994E0,9.755774293E0
4.010620000E-1,-1.960922241E-2,-6.077362061E-2,9.770182800E0,9.770391492E0
4.111020000E-1,-3.038681030E-2,-6.855743408E-2,9.762698364E0,9.762986368E0
4.211120000E-1,-4.400848389E-2,-7.783813477E-2,9.758656769E0,9.759066423E0
4.311520000E-1,-4.385879517E-2,-7.843688965E-2,9.754764862E0,9.755178802E0
4.411930000E-1,-3.128494263E-2,-7.035369873E-2,9.755962372E0,9.756266201E0
4.512020000E-1,-3.742218018E-2,-7.035369873E-2,9.759255524E0,9.759580854E0
4.612430001E-1,-1.062789917E-2,-6.301895142E-2,9.724078674E0,9.724288684E0
4.712520000E-1,1.362167358E-2,-3.053649902E-2,9.748477936E0,9.748535279E0
4.812930000E-1,1.601669312E-2,-1.437011719E-2,9.770931244E0,9.770954938E0
4.913020000E-1,9.729766846E-3,-1.062789917E-2,9.825717316E0,9.825727881E0
5.013430000E-1,8.532257080E-3,-2.095642090E-2,9.695039062E0,9.695065466E0
5.113520000E-1,2.844085693E-3,-4.281097412E-2,9.748627625E0,9.748722041E0
5.213930000E-1,2.993774414E-3,-4.685256958E-2,9.756261749E0,9.756374708E0
5.314330001E-1,-2.709365845E-2,-2.859054565E-2,9.736951904E0,9.737031574E0
5.414430000E-1,3.996688843E-2,1.930984497E-2,9.897867279E0,9.897966806E0
5.514830000E-1,-2.769241333E-2,-7.200027466E-2,9.693841553E0,9.694148491E0
5.614930000E-1,-1.242416382E-2,-7.933502197E-2,9.723629608E0,9.723961187E0
5.715330000E-1,1.422042847E-2,-5.987548828E-2,9.672885132E0,9.673080898E0
5.815430000E-1,-4.266128540E-2,-8.666976929E-2,9.911189575E0,9.911660327E0
5.915830000E-1,-9.280700684E-3,-9.205856323E-2,9.718390503E0,9.718830942E0
6.016230001E-1,-3.517684937E-2,-8.637039185E-2,9.753866730E0,9.754312556E0
6.116330000E-1,-3.173400879E-2,-7.289840698E-2,9.710906067E0,9.711231532E0
6.216730000E-1,-1.496887207E-2,-6.286926270E-2,9.836045837E0,9.836258147E0
6.317231251E-1,-9.131011963E-3,-3.742218018E-2,9.727072449E0,9.727148720E0
6.417641250E-1,-4.490661621E-4,-3.397933960E-2,9.742640076E0,9.742699341E0
6.517731250E-1,2.380050659E-2,-2.619552612E-2,9.769883423E0,9.769947531E0
6.618141250E-1,1.182540894E-2,-1.137634277E-2,9.746382294E0,9.746396107E0
6.718231250E-1,6.586303711E-3,-1.092727661E-2,9.753118286E0,9.753126631E0
6.818641250E-1,-2.395019531E-3,-3.502716064E-2,9.762249298E0,9.762312431E0
6.919041250E-1,-2.140548706E-2,-3.966751099E-2,9.745334473E0,9.745438712E0
7.019141250E-1,-2.409988403E-2,-4.580474854E-2,9.754914551E0,9.755051859E0
7.119541250E-1,-1.197509766E-2,-6.197113037E-2,9.749376068E0,9.749580378E0
7.219641251E-1,-2.933898926E-2,-6.885681152E-2,9.751621399E0,9.751908631E0
7.320041250E-1,-2.065704346E-2,-6.706054688E-2,9.747130737E0,9.747383312E0
7.420141250E-1,-1.945953369E-2,-6.840774536E-2,9.757459259E0,9.757718457E0
7.520541250E-1,-1.811233521E-2,-6.601272583E-2,9.753267975E0,9.753508186E0
7.620941250E-1,-2.005828857E-2,-5.987548828E-2,9.756112061E0,9.756316413E0
7.721041250E-1,-1.526824951E-2,-4.131408691E-2,9.754465485E0,9.754564924E0
7.821441250E-1,-2.245330811E-3,-2.829116821E-2,9.759854279E0,9.759895541E0
7.921541251E-1,2.245330811E-3,-2.454895020E-2,9.756710815E0,9.756741958E0
8.021941250E-1,-1.017883301E-2,-3.577560425E-2,9.751621399E0,9.751692336E0
8.122041250E-1,-1.062789917E-2,-5.179229736E-2,9.749525757E0,9.749669116E0
8.222441250E-1,-2.544708252E-3,-5.807922363E-2,9.759854279E0,9.760027419E0
8.322541250E-1,-2.080673218E-2,-6.661148071E-2,9.762698364E0,9.762947780E0
8.422951250E-1,-2.155517578E-2,-6.152206421E-2,9.760153656E0,9.760371355E0
8.523351250E-1,-2.514770508E-2,-5.643264771E-2,9.760902100E0,9.761097625E0
8.623451250E-1,-2.110610962E-2,-4.236190796E-2,9.760453033E0,9.760567781E0
8.723851250E-1,-1.571731567E-2,-3.532653809E-2,9.750124512E0,9.750201177E0
8.823951251E-1,-6.137237549E-3,-3.517684937E-2,9.754615173E0,9.754680531E0
8.924351250E-1,-7.185058594E-3,-3.847000122E-2,9.750723267E0,9.750801802E0
9.024451250E-1,-1.062789917E-2,-4.595443726E-2,9.755064240E0,9.755178270E0
9.124851250E-1,2.694396973E-3,-4.999603271E-2,9.756860504E0,9.756988970E0
9.225251250E-1,-1.242416382E-2,-5.658233643E-2,9.748028870E0,9.748201001E0
9.325351250E-1,-1.691482544E-2,-6.795867920E-2,9.750723267E0,9.750974757E0
9.425751250E-1,-8.382568359E-3,-6.271957397E-2,9.766141205E0,9.766346197E0
9.525851251E-1,-1.107696533E-2,-5.882766724E-2,9.766590271E0,9.766773721E0
9.626251250E-1,-4.790039062E-3,-5.224136353E-2,9.756860504E0,9.757001537E0
9.726351250E-1,-4.939727783E-3,-5.059478760E-2,9.752070465E0,9.752202961E0
9.826751250E-1,-1.796264648E-3,-4.370910645E-2,9.763297119E0,9.763395124E0
9.926851250E-1,1.646575928E-3,-3.622467041E-2,9.754465485E0,9.754532886E0
1.002725125E0,-8.981323242E-3,-4.415817261E-2,9.750872955E0,9.750977079E0
1.012766125E0,-1.526824951E-2,-4.535568237E-2,9.768536224E0,9.768653450E0
1.022775125E0,2.245330811E-3,-5.209167480E-2,9.759704590E0,9.759843865E0
1.032816125E0,1.796264648E-3,-3.936813354E-2,9.755962372E0,9.756041968E0
1.042826125E0,-1.257385254E-2,-6.256988525E-2,9.749226379E0,9.749435270E0
1.052866125E0,-2.844085693E-2,-7.798782349E-2,9.757908325E0,9.758261416E0
1.062876125E0,-3.308120728E-2,-6.331832886E-2,9.745933228E0,9.746195055E0
1.072916125E0,-5.089416504E-2,-5.508544922E-2,9.755812683E0,9.756100949E0
1.082926125E0,-2.874023438E-2,-2.918930054E-2,9.752070465E0,9.752156499E0
1.092966125E0,-2.275268555E-2,-3.502716064E-2,9.763746185E0,9.763835525E0
1.103006125E0,-1.586700439E-2,-4.131408691E-2,9.764344940E0,9.764445234E0
1.113016125E0,4.640350342E-3,-3.323089600E-2,9.757159882E0,9.757217574E0
1.123056125E0,1.047821045E-3,-3.308120728E-2,9.759554901E0,9.759611024E0
1.133066125E0,2.095642090E-3,-4.296066284E-2,9.757159882E0,9.757254684E0
1.143106125E0,1.062789917E-2,-4.640350342E-2,9.750723267E0,9.750839475E0
1.153116125E0,6.885681152E-3,-5.403762817E-2,9.759255524E0,9.759407557E0
1.163156125E0,8.083190918E-3,-4.610412598E-2,9.757159882E0,9.757272154E0
1.173197125E0,-3.442840576E-3,-4.909790039E-2,9.751471710E0,9.751595919E0
1.183206125E0,-1.826202393E-2,-5.044509888E-2,9.761500854E0,9.761648280E0
1.193247125E0,-1.661544800E-2,-5.403762817E-2,9.765692139E0,9.765855778E0
1.203256125E0,-3.128494263E-2,-6.122268677E-2,9.762848053E0,9.763090139E0
1.213297125E0,-3.532653809E-2,-7.484436035E-2,9.741442566E0,9.741794132E0
1.223306125E0,-1.062789917E-2,-6.137237549E-2,9.753866730E0,9.754065599E0
1.233347125E0,1.392105103E-2,-4.879852295E-2,9.766889648E0,9.767021475E0
1.243357125E0,1.481918335E-2,-5.748046875E-2,9.760602722E0,9.760783222E0
1.253397125E0,-4.340972900E-3,-6.092330933E-2,9.757608948E0,9.757800104E0
1.263437125E0,5.538482666E-3,-4.819976807E-2,9.762249298E0,9.762369858E0
1.273447125E0,-1.377136230E-2,-4.700225830E-2,9.768685913E0,9.768808696E0
1.283487125E0,-2.844085693E-2,-2.140548706E-2,9.756411438E0,9.756476373E0
1.293497125E0,-4.340972900E-2,-7.035369873E-3,9.758956146E0,9.759055229E0
1.303537125E0,-3.338058472E-2,3.293151855E-3,9.773326263E0,9.773383823E0
1.313547125E0,-3.083587646E-2,2.993774414E-4,9.753417664E0,9.753466413E0
1.323587125E0,-4.790039062E-2,-1.691482544E-2,9.755064240E0,9.755196506E0
1.333628125E0,-2.993774414E-2,-4.460723877E-2,9.762997742E0,9.763145547E0
1.343637125E0,-1.541793823E-2,-5.553451538E-2,9.766739960E0,9.766910015E0
1.353678125E0,7.484436035E-4,-7.933502197E-2,9.759854279E0,9.760176748E0
1.363687125E0,1.167572021E-2,-9.340576172E-2,9.768236847E0,9.768690396E0
1.373728125E0,2.724334717E-2,-9.714797974E-2,9.756710815E0,9.757232490E0
1.383737125E0,2.754272461E-2,-9.220825195E-2,9.750124512E0,9.750599415E0
1.393778125E0,1.856140137E-2,-7.439529419E-2,9.765243073E0,9.765544094E0
1.403787125E0,2.020797729E-2,-5.598358154E-2,9.754315796E0,9.754497382E0
1.413828125E0,6.436614990E-3,-4.730163574E-2,9.748927002E0,9.749043879E0
1.423868125E0,-1.945953369E-3,-3.158432007E-2,9.753567352E0,9.753618685E0
1.433878125E0,-1.047821045E-3,-1.751358032E-2,9.750423889E0,9.750439674E0
1.443918125E0,-1.347198486E-2,-2.784210205E-2,9.758058014E0,9.758107034E0
1.453928125E0,-4.505630493E-2,-2.739303589E-2,9.757459259E0,9.757601736E0
1.463968125E0,-4.775070190E-2,-4.206253052E-2,9.745184784E0,9.745392545E0
1.473978125E0,-4.086502075E-2,-4.879852295E-2,9.760003967E0,9.760211508E0
1.484018125E0,-2.380050659E-2,-3.906875610E-2,9.756710815E0,9.756818066E0
1.494058125E0,-6.586303711E-3,-3.712280273E-2,9.754615173E0,9.754688035E0
1.504068125E0,-3.742218018E-3,-3.682342529E-2,9.762099609E0,9.762169777E0
1.514108125E0,-1.347198486E-3,-4.131408691E-2,9.751471710E0,9.751559321E0
1.524118125E0,-8.831634521E-3,-5.179229736E-2,9.750124512E0,9.750266070E0
1.534159125E0,-1.197509766E-3,-6.960525513E-2,9.762997742E0,9.763245937E0
1.544168125E0,-0.000000000E0,-6.691085815E-2,9.762698364E0,9.762927656E0
1.554209125E0,4.191284180E-3,-6.750961304E-2,9.765093384E0,9.765327640E0
1.564218125E0,1.601669312E-2,-5.912704468E-2,9.749525757E0,9.749718202E0
1.574259125E0,1.481918335E-2,-2.948867798E-2,9.755363617E0,9.755419442E0
1.584299125E0,3.592529297E-3,-5.239105225E-3,9.752519531E0,9.752521600E0
1.594309125E0,5.089416504E-3,-1.332229614E-2,9.751471710E0,9.751482139E0
1.604349125E0,-1.601669312E-2,-2.933898926E-2,9.753417664E0,9.753474941E0
1.614359125E0,-4.146377563E-2,-4.954696655E-2,9.752519531E0,9.752733532E0
1.624399125E0,-4.625381470E-2,-7.125183105E-2,9.763746185E0,9.764115721E0
1.634402250E0,-4.370910645E-2,-8.113128662E-2,9.756710815E0,9.757146033E0
1.644442250E0,-3.802093506E-2,-7.439529419E-2,9.760453033E0,9.760810605E0
1.654482250E0,-2.365081787E-2,-7.035369873E-2,9.762848053E0,9.763130190E0
1.664492250E0,-1.796264648E-3,-5.463638306E-2,9.762997742E0,9.763150786E0
1.674532250E0,1.077758789E-2,-3.218307495E-2,9.756411438E0,9.756470471E0
1.684542250E0,1.886077881E-2,-3.652404785E-2,9.757309570E0,9.757396158E0
1.694582250E0,1.691482544E-2,-3.128494263E-2,9.754465485E0,9.754530319E0
1.704592250E0,8.083190918E-3,-3.607498169E-2,9.745783539E0,9.745853658E0
1.714632250E0,-3.592529297E-3,-4.595443726E-2,9.747430115E0,9.747539103E0
1.724642250E0,-2.080673218E-2,-5.837860107E-2,9.765093384E0,9.765290051E0
1.734683250E0,-1.407073975E-2,-5.822891235E-2,9.769134979E0,9.769318647E0
1.744723250E0,-9.430389404E-3,-5.328918457E-2,9.753267975E0,9.753418112E0
1.754733250E0,-1.122665405E-2,-5.463638306E-2,9.761051788E0,9.761211154E0
1.764773250E0,5.089416504E-3,-4.775070190E-2,9.760303345E0,9.760421477E0
1.774783250E0,1.002914429E-2,-3.263214111E-2,9.756860504E0,9.756920228E0
1.784823250E0,1.496887207E-2,-2.844085693E-2,9.759704590E0,9.759757509E0
1.794833250E0,1.197509766E-2,-2.888992310E-2,9.757159882E0,9.757210000E0
1.804873250E0,2.993774414E-4,-3.397933960E-2,9.750423889E0,9.750483101E0
1.814913250E0,-1.646575928E-2,-4.685256958E-2,9.757010193E0,9.757136577E0
1.824923250E0,-2.619552612E-2,-6.691085815E-2,9.756710815E0,9.756975413E0
1.834963250E0,-3.353027344E-2,-7.454498291E-2,9.769284668E0,9.769626613E0
1.844973250E0,-2.110610962E-2,-8.113128662E-2,9.754914551E0,9.755274760E0
1.855013250E0,-1.960922241E-2,-7.589218140E-2,9.758956146E0,9.759270936E0
1.865023250E0,-1.601669312E-2,-5.553451538E-2,9.757908325E0,9.758079499E0
1.875063250E0,-1.092727661E-2,-4.954696655E-2,9.754315796E0,9.754447752E0
1.885073250E0,4.490661621E-4,-2.544708252E-2,9.752669220E0,9.752702429E0
1.895113250E0,1.676513672E-2,-8.981323242E-3,9.761201477E0,9.761220006E0
1.905154250E0,4.640350342E-3,-8.831634521E-3,9.754615173E0,9.754620275E0
1.915163250E0,-4.490661621E-3,-1.347198486E-2,9.761051788E0,9.761062118E0
1.925204250E0,-2.424957275E-2,-3.278182983E-2,9.767638092E0,9.767723204E0
1.935214250E0,-4.924758911E-2,-4.430786133E-2,9.767787781E0,9.768012420E0
1.945254250E0,-4.191284180E-2,-6.870712280E-2,9.745334473E0,9.745666798E0
1.955264250E0,-4.071533203E-2,-7.319778442E-2,9.748927002E0,9.749286812E0
1.965304250E0,-8.981323242E-3,-7.649093628E-2,9.761800232E0,9.762104040E0
1.975344250E0,3.592529297E-3,-7.708969116E-2,9.758656769E0,9.758961915E0
1.985354250E0,1.272354126E-2,-9.235794067E-2,9.748028870E0,9.748474687E0
1.995394250E0,1.332229614E-2,-1.005908203E-1,9.768236847E0,9.768763847E0
2.005404250E0,2.544708252E-3,-8.532257080E-2,9.758507080E0,9.758880410E0
2.015444250E0,-6.137237549E-3,-7.604187012E-2,9.757608948E0,9.757907174E0
2.025454250E0,-2.050735474E-2,-4.266128540E-2,9.764045563E0,9.764160296E0
2.035494250E0,-7.185058594E-3,-1.616638184E-2,9.769434357E0,9.769450375E0
2.045504250E0,-2.859054565E-2,4.640350342E-3,9.767638092E0,9.767681037E0
2.055544250E0,-3.248245239E-2,3.143463135E-3,9.759105835E0,9.759160399E0
2.065585250E0,-2.769241333E-2,-8.083190918E-3,9.764644318E0,9.764686931E0
2.075594250E0,-2.514770508E-2,-2.020797729E-2,9.765392761E0,9.765446050E0
2.085635250E0,-1.451980591E-2,-4.805007935E-2,9.748777313E0,9.748906541E0
2.095644250E0,-2.350112915E-2,-4.041595459E-2,9.759255524E0,9.759367507E0
2.105685250E0,-3.891906738E-2,8.831634521E-3,9.756860504E0,9.756942123E0
2.115694250E0,5.987548828E-3,-4.640350342E-3,9.755812683E0,9.755815624E0
2.125735250E0,5.149291992E-2,-4.969665527E-2,9.765392761E0,9.765654973E0
2.135745250E0,5.553451538E-2,-1.092727661E-1,9.752968597E0,9.753738826E0
2.145785250E0,4.311035156E-2,-1.354682922E-1,9.748627625E0,9.749664134E0
2.155825250E0,-1.107696533E-2,-8.622070312E-2,9.752968597E0,9.753355995E0
2.165835250E0,-6.002517700E-2,-6.316864014E-2,9.765692139E0,9.766080905E0
2.175875250E0,-4.415817261E-2,-8.696914673E-2,9.757758636E0,9.758246112E0
2.185885250E0,-5.777984619E-2,-6.676116943E-2,9.755812683E0,9.756212209E0
2.195925250E0,-3.053649902E-2,-5.388793945E-2,9.746981049E0,9.747177845E0
2.205935250E0,-2.335144043E-2,-4.505630493E-2,9.770781555E0,9.770913343E0
2.215975250E0,1.841171265E-2,-3.891906738E-2,9.760153656E0,9.760248617E0
2.226016250E0,4.775070190E-2,-2.514770508E-2,9.758058014E0,9.758207250E0
2.236025250E0,6.990463257E-2,-4.176315308E-2,9.762249298E0,9.762588907E0
2.246066250E0,4.535568237E-2,-7.873626709E-2,9.751172333E0,9.751595685E0
2.256075250E0,2.125579834E-2,-6.975494385E-2,9.758507080E0,9.758779534E0
2.266116250E0,-1.646575928E-2,-5.224136353E-2,9.761351166E0,9.761504846E0
2.276125250E0,-3.547622681E-2,-7.289840698E-2,9.761201477E0,9.761538148E0
2.286166250E0,-4.026626587E-2,-7.888595581E-2,9.769134979E0,9.769536458E0
2.296175250E0,-5.209167480E-2,-4.640350342E-2,9.762698364E0,9.762947617E0
2.306216250E0,-4.655319214E-2,-1.631607056E-2,9.753717041E0,9.753841783E0
2.316256250E0,-4.131408691E-2,1.107696533E-2,9.787097626E0,9.787191093E0
2.326266250E0,-3.068618774E-2,1.930984497E-2,9.767488403E0,9.767555693E0
2.336306250E0,-3.772155762E-2,2.963836670E-2,9.754166107E0,9.754284074E0
2.346316250E0,-2.125579834E-2,1.945953369E-3,9.740245056E0,9.740268443E0
2.356356250E0,-1.451980591E-2,-5.478607178E-2,9.762698364E0,9.762862884E0
2.366366250E0,-1.107696533E-2,-1.212478638E-1,9.758956146E0,9.759715611E0
2.376406250E0,1.496887207E-3,-1.442999268E-1,9.784253540E0,9.785317677E0
2.386446250E0,-1.122665405E-2,-1.567240906E-1,9.754615173E0,9.755880568E0
2.396456250E0,-7.185058594E-3,-1.230441284E-1,9.736652527E0,9.737432614E0
2.406496250E0,-1.556762695E-2,-7.768844604E-2,9.763147430E0,9.763468932E0
2.416506250E0,-5.089416504E-3,-7.694000244E-2,9.754315796E0,9.754620562E0
2.426547250E0,5.284011841E-2,-5.897735596E-2,9.768087158E0,9.768408117E0
2.436556250E0,3.712280273E-2,4.490661621E-4,9.743987274E0,9.744058000E0
2.446597250E0,4.326004028E-2,4.191284180E-2,9.749076691E0,9.749262764E0
2.456606250E0,1.167572021E-2,5.254074097E-2,9.759255524E0,9.759403938E0
2.466647250E0,-2.709365845E-2,4.655319214E-2,9.764943695E0,9.765092249E0
2.476687250E0,-6.451583862E-2,8.532257080E-3,9.762249298E0,9.762466207E0
2.486697250E0,-8.187973022E-2,-2.754272461E-2,9.764344940E0,9.764727083E0
2.496737250E0,-7.214996338E-2,-6.930587769E-2,9.752369843E0,9.752882982E0
2.506747250E0,-5.373825073E-2,-9.924362183E-2,9.748627625E0,9.749280879E0
2.516787250E0,-3.008743286E-2,-1.137634277E-1,9.757908325E0,9.758617845E0
2.526797250E0,-1.496887207E-3,-1.219963074E-1,9.747130737E0,9.747894283E0
2.536837250E0,2.395019531E-2,-1.203497314E-1,9.752220154E0,9.752992136E0
2.546877250E0,6.227050781E-2,-1.013392639E-1,9.761800232E0,9.762524829E0
2.556887250E0,7.095245361E-2,-7.125183105E-2,9.763746185E0,9.764263958E0
2.566927250E0,4.041595459E-2,-3.248245239E-2,9.762848053E0,9.762985745E0
2.576937250E0,-1.796264648E-3,-1.317260742E-2,9.744136963E0,9.744146032E0
2.586977250E0,-3.547622681E-2,-1.137634277E-2,9.777367859E0,9.777438838E0
2.596987250E0,-8.113128662E-2,-1.781295776E-2,9.757908325E0,9.758261857E0
2.607028250E0,-6.750961304E-2,-1.167572021E-2,9.766290894E0,9.766531200E0
2.617037250E0,-5.194198608E-2,-8.981323242E-4,9.735754395E0,9.735892995E0
2.627078250E0,-2.170486450E-2,-1.407073975E-2,9.753567352E0,9.753601652E0
2.637126625E0,-2.544708252E-3,-2.320175171E-2,9.767937469E0,9.767965356E0
2.647136625E0,-0.000000000E0,-2.125579834E-2,9.742939453E0,9.742962640E0
2.657176625E0,1.272354126E-2,-4.924758911E-2,9.749226379E0,9.749359067E0
2.667186625E0,1.691482544E-2,-7.244934082E-2,9.759105835E0,9.759389413E0
2.677226625E0,-2.544708252E-3,-8.891510010E-2,9.777517548E0,9.777922160E0
2.687236625E0,-2.544708252E-3,-9.924362183E-2,9.762548676E0,9.763053437E0
2.697276625E0,8.981323242E-4,-9.460327148E-2,9.760003967E0,9.760462490E0
2.707286625E0,8.681945801E-3,-6.541397095E-2,9.764045563E0,9.764268540E0
2.717326625E0,9.131011963E-3,-3.936813354E-2,9.764794006E0,9.764877634E0
2.727366625E0,8.382568359E-3,-2.035766602E-2,9.760453033E0,9.760477863E0
2.737376625E0,5.688171387E-3,-2.649490356E-2,9.754615173E0,9.754652814E0
2.747416625E0,-3.891906738E-3,-4.490661621E-2,9.764195251E0,9.764299292E0
2.757426625E0,-3.173400879E-2,-5.418731689E-2,9.769883423E0,9.770085230E0
2.767466625E0,-4.969665527E-2,-7.634124756E-2,9.753267975E0,9.753693348E0
2.777476625E0,-5.463638306E-2,-9.026229858E-2,9.755363617E0,9.755934180E0
2.787516625E0,-3.742218018E-2,-8.756790161E-2,9.759704590E0,9.760169171E0
2.797557625E0,-2.679428101E-2,-5.822891235E-2,9.754166107E0,9.754376709E0
2.807567625E0,1.137634277E-2,-2.619552612E-2,9.782008209E0,9.782049899E0
2.817607625E0,1.811233521E-2,3.592529297E-3,9.730814667E0,9.730832186E0
2.827617625E0,3.412902832E-2,1.152603149E-2,9.763147430E0,9.763213886E0
2.837657625E0,1.526824951E-2,-2.993774414E-3,9.784552917E0,9.784565288E0
2.847667625E0,2.993774414E-3,-5.433700562E-2,9.726024628E0,9.726176871E0
2.857707625E0,-2.739303589E-2,-7.065307617E-2,9.772428131E0,9.772721924E0
2.867717625E0,-4.475692749E-2,-1.071771240E-1,9.757010193E0,9.757701472E0
2.877757625E0,-5.852828979E-2,-1.127156067E-1,9.752220154E0,9.753047129E0
2.887797625E0,-5.478607178E-2,-9.460327148E-2,9.777966614E0,9.778577729E0
2.897807625E0,-4.146377563E-2,-8.502319336E-2,9.743538208E0,9.743997383E0
2.907847625E0,-2.050735474E-2,-6.885681152E-2,9.757908325E0,9.758172815E0
2.917857625E0,3.442840576E-3,-5.523513794E-2,9.766440582E0,9.766597382E0
2.927897625E0,1.691482544E-2,-2.918930054E-2,9.762249298E0,9.762307590E0
2.937907625E0,2.080673218E-2,-2.020797729E-2,9.781110077E0,9.781153082E0
2.947947625E0,2.574645996E-2,-1.930984497E-2,9.762398987E0,9.762452035E0
2.957988625E0,1.796264648E-3,-2.005828857E-2,9.756710815E0,9.756731599E0
2.967997625E0,-1.901046753E-2,-3.263214111E-2,9.763147430E0,9.763220473E0
2.978038625E0,-3.008743286E-2,-3.353027344E-2,9.753866730E0,9.753970767E0
2.988047625E0,-2.784210205E-2,-4.281097412E-2,9.769284668E0,9.769418145E0
2.998088625E0,-3.218307495E-2,-5.508544922E-2,9.761351166E0,9.761559647E0
3.008098625E0,-3.442840576E-2,-7.903564453E-2,9.746232605E0,9.746613870E0
3.018138625E0,-3.098556519E-2,-8.382568359E-2,9.755363617E0,9.755772965E0
3.028148625E0,-2.005828857E-2,-8.801696777E-2,9.766290894E0,9.766708101E0
3.038188625E0,-1.496887207E-2,-8.532257080E-2,9.764943695E0,9.765327920E0
3.048228625E0,-1.107696533E-2,-7.140151978E-2,9.767338715E0,9.767605973E0
3.058238625E0,-1.032852173E-2,-6.047424316E-2,9.764644318E0,9.764837042E0
3.068278625E0,-5.688171387E-3,-5.104385376E-2,9.747430115E0,9.747565423E0
3.078288625E0,-6.286926270E-3,-3.727249146E-2,9.767488403E0,9.767561542E0
3.088328625E0,-1.347198486E-3,-2.664459229E-2,9.762698364E0,9.762734817E0
3.098338625E0,-5.688171387E-3,-3.113525391E-2,9.739197235E0,9.739248664E0
3.108378625E0,-4.041595459E-3,-3.293151855E-2,9.752968597E0,9.753025032E0
3.118388625E0,-9.580078125E-3,-2.709365845E-2,9.763746185E0,9.763788477E0
3.128428625E0,-1.422042847E-2,-2.589614868E-2,9.757309570E0,9.757354297E0
3.138469625E0,-2.065704346E-2,-2.724334717E-2,9.761201477E0,9.761261352E0
3.148478625E0,-1.676513672E-2,-3.367996216E-2,9.762099609E0,9.762172104E0
3.158519625E0,-2.424957275E-2,-5.433700562E-2,9.769434357E0,9.769615561E0
3.168528625E0,-3.817062378E-2,-6.691085815E-2,9.771529999E0,9.771833634E0
3.178569625E0,-3.218307495E-2,-8.322692871E-2,9.774972839E0,9.775380120E0
3.188578625E0,-2.335144043E-2,-8.158035278E-2,9.772128754E0,9.772497174E0
3.198619625E0,-1.197509766E-2,-8.098159790E-2,9.752369843E0,9.752713416E0
3.208659625E0,-4.490661621E-4,-7.783813477E-2,9.746382294E0,9.746693121E0
3.218669625E0,7.634124756E-3,-6.825805664E-2,9.754465485E0,9.754707291E0
3.228709625E0,5.239105225E-3,-5.463638306E-2,9.764195251E0,9.764349517E0
3.238719625E0,1.466949463E-2,-5.029541016E-2,9.765392761E0,9.765533298E0
3.248759625E0,2.080673218E-2,-4.445755005E-2,9.762249298E0,9.762372701E0
3.258769625E0,-0.000000000E0,-4.385879517E-2,9.758656769E0,9.758755327E0
3.268809625E0,-1.916015625E-2,-3.173400879E-2,9.744885406E0,9.744955913E0
3.278819625E0,-4.221221924E-2,-3.278182983E-2,9.749675446E0,9.749821938E0
3.288859625E0,-5.388793945E-2,-3.517684937E-2,9.769733734E0,9.769945678E0
3.298900625E0,-6.960525513E-2,-3.682342529E-2,9.761800232E0,9.762117835E0
3.308909625E0,-6.167175293E-2,-4.819976807E-2,9.764045563E0,9.764359292E0
3.318950625E0,-3.098556519E-2,-5.478607178E-2,9.756860504E0,9.757063519E0
3.328959625E0,4.640350342E-3,-6.750961304E-2,9.761949921E0,9.762184455E0
3.339000625E0,-8.981323242E-3,-6.765930176E-2,9.764344940E0,9.764583481E0
3.349009625E0,4.640350342E-2,-6.915618896E-2,9.716145172E0,9.716502090E0
3.359050625E0,5.658233643E-2,-6.960525513E-2,9.816436615E0,9.816846452E0
3.369090625E0,3.652404785E-2,-6.496490479E-2,9.731563110E0,9.731848489E0
3.379100625E0,3.338058472E-2,-6.526428223E-2,9.717342682E0,9.717619178E0
3.389140625E0,5.388793945E-3,-3.817062378E-2,9.814191284E0,9.814266992E0
3.399150625E0,3.143463135E-3,-3.951782227E-2,9.702972565E0,9.703053547E0
3.409190625E0,-6.167175293E-2,-2.799179077E-2,9.725126495E0,9.725362322E0
3.419200625E0,-7.873626709E-2,2.245330811E-3,9.811047821E0,9.811364013E0
3.429240625E0,-5.508544922E-2,8.981323242E-3,9.779313812E0,9.779473079E0
3.439250625E0,-5.703140259E-2,1.616638184E-2,9.783804474E0,9.783984051E0
3.449290625E0,-8.083190918E-2,4.116439819E-2,9.748028870E0,9.748450910E0
3.459330625E0,-7.319778442E-2,2.963836670E-2,9.778565369E0,9.778884242E0
3.469340625E0,-3.981719971E-2,2.185455322E-2,9.789043579E0,9.789148953E0
3.479380625E0,-2.170486450E-2,-1.287322998E-2,9.710007935E0,9.710040727E0
3.489390625E0,-3.427871704E-2,-5.194198608E-2,9.767488403E0,9.767686661E0
3.499431625E0,-2.080673218E-2,-6.361770630E-2,9.800719299E0,9.800947858E0
3.509440625E0,-1.122665405E-2,-8.547225952E-2,9.740993500E0,9.741374950E0
3.519481625E0,6.735992432E-3,-6.271957397E-2,9.764195251E0,9.764399010E0
3.529490625E0,1.706451416E-2,-4.954696655E-2,9.734107819E0,9.734248873E0
3.539531625E0,2.050735474E-2,-4.834945679E-2,9.757908325E0,9.758049657E0
3.549571625E0,2.574645996E-2,1.811233521E-2,9.760902100E0,9.760952860E0
3.559581625E0,7.484436035E-3,1.167572021E-1,9.737400970E0,9.738103815E0
3.569621625E0,-2.275268555E-2,1.453477478E-1,9.792636108E0,9.793741144E0
3.579631625E0,-6.062393188E-2,1.309776306E-1,9.775421906E0,9.776487295E0
3.589671625E0,-8.487350464E-2,1.372645569E-1,9.756261749E0,9.757596445E0
3.599681625E0,-6.975494385E-2,1.299298096E-1,9.762249298E0,9.763363092E0
3.609721625E0,-5.538482666E-2,6.421646118E-2,9.750723267E0,9.751092013E0
3.619761625E0,-7.529342651E-2,8.502319336E-2,9.752669220E0,9.753330455E0
3.629784417E0,-8.966354370E-2,1.655557251E-1,9.765991516E0,9.767806230E0
3.639824417E0,-2.544708252E-2,2.023791504E-1,9.763895874E0,9.766026188E0
3.649834417E0,2.724334717E-2,1.422042847E-1,9.745933228E0,9.747008707E0
3.659874417E0,5.388793945E-2,1.898052979E-1,9.746382294E0,9.748379238E0
3.669884417E0,5.987548828E-2,1.351689148E-1,9.746681671E0,9.747802794E0
3.679924417E0,4.221221924E-2,3.382965088E-2,9.752519531E0,9.752669559E0
3.689934417E0,1.781295776E-2,4.505630493E-2,9.747430115E0,9.747550524E0
3.699975417E0,4.760101318E-2,7.604187012E-2,9.775870972E0,9.776282600E0
3.710015417E0,8.247848511E-2,2.739303589E-2,9.779014435E0,9.779400615E0
3.720025417E0,7.095245361E-2,-1.736389160E-2,9.740544434E0,9.740818324E0
3.730065417E0,4.939727783E-2,4.385879517E-2,9.771679688E0,9.771902967E0
3.740075417E0,2.230361938E-2,8.322692871E-2,9.782008209E0,9.782387683E0
3.750115417E0,-2.694396973E-2,1.145118713E-1,9.757608948E0,9.758318058E0
3.760125417E0,-7.768844604E-2,9.520202637E-2,9.736502838E0,9.737278184E0
3.770165417E0,-8.681945801E-2,1.824705505E-1,9.744885406E0,9.746980287E0
3.780205417E0,-8.906478882E-2,2.918930054E-1,9.788444824E0,9.793201016E0
3.790215417E0,-7.574249268E-2,2.408491516E-1,9.745184784E0,9.748454837E0
3.800255417E0,-5.733078003E-2,2.486329651E-1,9.748328247E0,9.751666975E0
3.810265417E0,-2.215393066E-2,2.552192688E-1,9.777667236E0,9.781022659E0
3.820305417E0,1.182540894E-2,2.580633545E-1,9.774823151E0,9.778236250E0
3.830315417E0,7.185058594E-2,3.580554199E-1,9.773326263E0,9.780146852E0
3.840355417E0,8.846603394E-2,2.709365845E-1,9.765392761E0,9.769551098E0
3.850365417E0,1.131646729E-1,3.912863159E-1,9.768985291E0,9.777473336E0
3.860405417E0,1.196012878E-1,4.210743713E-1,9.771829376E0,9.781628569E0
3.870446417E0,5.194198608E-2,3.496728516E-1,9.737999725E0,9.744414181E0
3.880455417E0,1.496887207E-2,3.113525391E-1,9.748028870E0,9.753011397E0
3.890496417E0,-5.059478760E-2,-1.916015625E-2,9.736802216E0,9.736952518E0
3.900506417E0,-3.353027344E-2,1.808239746E-1,9.773026886E0,9.774757087E0
3.910546417E0,-6.331832886E-2,7.828720093E-2,9.777517548E0,9.778035973E0
3.920556417E0,-1.300794983E-1,1.676513672E-2,9.759854279E0,9.760735489E0
3.930596417E0,-7.334747314E-2,2.492317200E-1,9.774074707E0,9.777526920E0
3.940636417E0,-3.802093506E-2,2.052232361E-1,9.762099609E0,9.764330543E0
3.950646417E0,-2.933898926E-2,2.615061951E-1,9.764195251E0,9.767740536E0
3.960686417E0,-1.766326904E-2,1.398092651E-1,9.755662994E0,9.756680741E0
3.970696417E0,-2.859054565E-2,-3.053649902E-2,9.748627625E0,9.748717375E0
3.980736417E0,-3.158432007E-2,6.331832886E-2,9.761949921E0,9.762206361E0
3.990746417E0,-3.203338623E-2,5.718109131E-2,9.761650543E0,9.761870576E0
4.000786417E0,-2.454895020E-2,-1.287322998E-1,9.762099609E0,9.762979230E0
4.010796417E0,-3.412902832E-2,-2.098635864E-1,9.744286652E0,9.746606069E0
4.020836417E0,-5.134323120E-2,-1.200503540E-1,9.754615173E0,9.755488988E0
4.030877417E0,-6.212081909E-2,-2.055226135E-1,9.756411438E0,9.758773626E0
4.040886417E0,-1.050814819E-1,-1.347198486E-1,9.760003967E0,9.761499321E0
4.050927417E0,-1.149609375E-1,-4.400848389E-2,9.752519531E0,9.753296364E0
4.060936417E0,-1.540296936E-1,-5.298980713E-2,9.758207703E0,9.759567134E0
4.070977417E0,-1.794767761E-1,-9.056167603E-2,9.765542450E0,9.767611411E0
4.080986417E0,-1.212478638E-1,-1.184037781E-1,9.753417664E0,9.754889882E0
4.091027417E0,-6.256988525E-2,-1.062789917E-2,9.757459259E0,9.757665660E0
4.101037417E0,-3.502716064E-2,-1.580712891E-1,9.751172333E0,9.752516357E0
4.111077417E0,-2.245330811E-2,-1.254391479E-1,9.770931244E0,9.771762201E0
4.121117417E0,-5.313949585E-2,-2.248324585E-1,9.756561127E0,9.759296002E0
4.131127417E0,-5.164260864E-2,-1.245410156E-1,9.754166107E0,9.755097840E0
4.141167417E0,-4.984634399E-2,-1.037342834E-1,9.771380310E0,9.772058055E0
4.151177417E0,-6.271957397E-2,-6.496490479E-2,9.763147430E0,9.763565022E0
4.161217417E0,-9.909393311E-2,-1.797761536E-1,9.763596497E0,9.765754227E0
4.171227417E0,-1.041833496E-1,-2.417472839E-1,9.772877197E0,9.776421873E0
4.181267417E0,-7.409591675E-2,-1.658551025E-1,9.774224396E0,9.775912267E0
4.191308417E0,-6.706054688E-2,2.529739380E-2,9.771979065E0,9.772241909E0
4.201317417E0,-5.239105225E-2,9.460327148E-2,9.742340698E0,9.742940874E0
4.211358417E0,-3.008743286E-2,1.365161133E-1,9.763297119E0,9.764297852E0
4.221367417E0,-5.912704468E-2,2.061213684E-1,9.756561127E0,9.758917309E0
4.231408417E0,-4.116439819E-2,3.056643677E-1,9.742041321E0,9.746922299E0
4.241417417E0,-4.939727783E-2,3.243754578E-1,9.759105835E0,9.764620127E0
4.251458417E0,-9.684860229E-2,2.622546387E-1,9.762099609E0,9.766101880E0
4.261467417E0,-6.242019653E-2,3.658392334E-1,9.754016418E0,9.761074271E0
4.271508417E0,-3.203338623E-2,2.324665833E-1,9.770781555E0,9.773599084E0
4.281548417E0,-8.292755127E-2,-9.565109253E-2,9.746531982E0,9.747354092E0
4.291558417E0,-9.610015869E-2,-7.993377686E-2,9.758507080E0,9.759307613E0
4.301598417E0,-1.083746338E-1,-1.556762695E-1,9.761800232E0,9.763642964E0
4.311608417E0,-8.068222046E-2,1.224453735E-1,9.755812683E0,9.756914656E0
4.321648417E0,-3.876937866E-2,1.851649475E-1,9.757758636E0,9.759592344E0
4.331658417E0,-1.945953369E-3,2.893482971E-1,9.744735718E0,9.749030743E0
4.341698417E0,-6.137237549E-3,3.261717224E-1,9.755213928E0,9.760667213E0
4.351708417E0,-4.475692749E-2,2.381547546E-1,9.758956146E0,9.761964246E0
4.361748417E0,-1.261875916E-1,1.475930786E-1,9.767189026E0,9.769119126E0
4.371788417E0,-1.264869690E-1,-1.047821045E-2,9.757608948E0,9.758434358E0
4.381798417E0,-9.071136475E-2,-1.297801208E-1,9.759405212E0,9.760689603E0
4.391839417E0,-8.382568359E-2,-1.184037781E-1,9.768685913E0,9.769763081E0
4.401848417E0,-8.217910767E-2,-3.607498169E-2,9.761201477E0,9.761614061E0
4.411889417E0,-9.101074219E-2,-1.064286804E-1,9.765542450E0,9.766546440E0
4.421898417E0,-1.260379028E-1,-2.520758057E-1,9.770482178E0,9.774546012E0
4.431939417E0,-6.691085815E-2,1.041833496E-1,9.755662994E0,9.756448723E0
4.441979417E0,-4.355941772E-2,1.978884888E-1,9.761650543E0,9.763753305E0
4.451989417E0,-4.805007935E-2,1.191522217E-1,9.751771088E0,9.752617362E0
4.462029417E0,-5.403762817E-2,7.559280396E-2,9.736353149E0,9.736796546E0
4.472039417E0,-9.879455566E-2,-6.152206421E-2,9.771529999E0,9.772223076E0
4.482079417E0,-1.416055298E-1,-1.398092651E-1,9.752968597E0,9.754998474E0
4.492089417E0,-1.097218323E-1,-7.783813477E-3,9.757309570E0,9.757929571E0
4.502129417E0,-8.442443848E-2,3.682342529E-2,9.765841827E0,9.766276161E0
4.512139417E0,-2.005828857E-2,2.776725769E-1,9.754615173E0,9.758587069E0
4.522179417E0,8.232879639E-3,3.165916443E-1,9.759105835E0,9.764243173E0
4.532219417E0,-2.110610962E-2,1.737886047E-1,9.753567352E0,9.755138341E0
4.542229417E0,-2.589614868E-2,5.957611084E-2,9.748028870E0,9.748245317E0
4.552269417E0,-7.080276489E-2,3.218307495E-2,9.743687897E0,9.743998287E0
4.562279417E0,-1.658551025E-1,-3.622467041E-2,9.762249298E0,9.763725288E0
4.572320417E0,-2.112107849E-1,-3.185375977E-1,9.752818909E0,9.760304957E0
4.582329417E0,-1.932481384E-1,-3.517684937E-1,9.748777313E0,9.757035668E0
4.592370417E0,-2.127076721E-1,-5.689668274E-1,9.771230621E0,9.790092730E0
4.602410417E0,-1.616638184E-1,-6.876699829E-1,9.771080933E0,9.796583475E0
4.612420417E0,-1.109193420E-1,-5.921685791E-1,9.780960388E0,9.799497581E0
4.622460417E0,-1.383123779E-1,-7.680528259E-1,9.789492645E0,9.820549970E0
4.632496667E0,-1.273851013E-1,-5.034031677E-1,9.772877197E0,9.786662885E0
4.642536667E0,-7.439529419E-2,-2.561174011E-1,9.773775330E0,9.777413512E0
4.652546667E0,-3.832031250E-2,-1.975891113E-2,9.742340698E0,9.742436099E0
4.662586667E0,-4.805007935E-2,2.233355713E-1,9.700727234E0,9.703416741E0
4.672596667E0,-5.972579956E-2,3.944297791E-1,9.683363342E0,9.691577149E0
4.682636667E0,-9.430389404E-2,7.622149658E-1,9.695488129E0,9.725860113E0
4.692676667E0,-2.213896179E-1,6.776408386E-1,9.752220154E0,9.778241580E0
4.702686667E0,-2.125579834E-1,4.388873291E-1,9.751471710E0,9.763657281E0
4.712726667E0,-2.035766602E-1,1.911524963E-1,9.754315796E0,9.758312322E0
4.722736667E0,-2.451901245E-1,-1.760339355E-1,9.790540466E0,9.795192125E0
4.732776667E0,-1.706451416E-1,-4.984634399E-1,9.783355408E0,9.797531761E0
4.742786667E0,-1.513352966E-1,-6.276448059E-1,9.777367859E0,9.798661267E0
4.752826667E0,-7.304809570E-2,-7.417076111E-1,9.792336731E0,9.820658066E0
4.762836667E0,-7.304809570E-2,-1.730401611E-1,9.759854279E0,9.761661460E0
4.772877667E0,-4.326004028E-2,1.311273193E-1,9.749825134E0,9.750802836E0
4.782917667E0,-6.137237549E-2,6.358776855E-1,9.741292877E0,9.762217674E0
4.792927667E0,-1.239422607E-1,1.094823303E0,9.717043304E0,9.779311342E0
4.802967667E0,-2.125579834E-1,1.227297821E0,9.723180542E0,9.802636415E0
4.812977667E0,-2.249821472E-1,5.867797852E-1,9.743238831E0,9.763484542E0
4.823017667E0,-1.022373962E-1,-1.377136230E-2,9.776918793E0,9.777463026E0
4.833027667E0,3.607498169E-2,-6.105802917E-1,9.805509338E0,9.824567323E0
4.843067667E0,1.278341675E-1,-1.399589539E0,9.791288910E0,9.891639448E0
4.853107667E0,7.155120850E-2,-1.433868256E0,9.795929260E0,9.900572096E0
4.863117667E0,-1.835183716E-1,-1.567839661E0,9.799222412E0,9.925550870E0
4.873157667E0,-2.348616028E-1,-1.076860657E0,9.781259766E0,9.843161659E0
4.883167667E0,-2.014810181E-1,-3.576063538E-1,9.743388519E0,9.752030391E0
4.893207667E0,-1.594184875E-1,2.442919922E-1,9.705966339E0,9.710348882E0
4.903217667E0,-2.065704346E-1,2.842588806E-1,9.743388519E0,9.749722780E0
4.913257667E0,-2.019300842E-1,1.686991882E-1,9.738598480E0,9.742152510E0
4.923267667E0,-1.872605896E-1,9.086105347E-2,9.730365601E0,9.732591483E0
4.933307667E0,-1.939965820E-1,-1.957928467E-1,9.755513306E0,9.759406200E0
4.943348667E0,-1.514849854E-1,-1.683998108E-1,9.756860504E0,9.759489387E0
4.953357667E0,-1.389111328E-1,-1.893562317E-1,9.761051788E0,9.763876489E0
4.963398667E0,-1.380130005E-1,3.592529297E-3,9.752519531E0,9.753496691E0
4.973408667E0,-9.819580078E-2,1.715432739E-1,9.758058014E0,9.760059719E0
4.983448667E0,-7.140151978E-2,2.754272461E-1,9.740694122E0,9.744848913E0
4.993458667E0,-8.158035278E-2,1.929487610E-1,9.751172333E0,9.753422294E0
5.003498667E0,-3.622467041E-2,2.505789185E-1,9.771979065E0,9.775258404E0
5.013538667E0,-5.822891235E-2,1.222956848E-1,9.757459259E0,9.758399358E0
5.023548667E0,-1.179547119E-1,3.462300110E-1,9.727671204E0,9.734545474E0
5.033588667E0,-1.600172424E-1,4.204756165E-1,9.734856262E0,9.745246621E0
5.043598667E0,-1.686991882E-1,5.441184998E-1,9.747729492E0,9.764361454E0
5.053638667E0,-1.270857239E-1,6.090834045E-1,9.740694122E0,9.760545854E0
5.063648667E0,-6.212081909E-2,3.999682617E-1,9.752070465E0,9.760466790E0
5.073688667E0,7.634124756E-3,-6.735992432E-3,9.797575836E0,9.797581126E0
5.083698667E0,6.361770630E-2,-4.073030090E-1,9.790989532E0,9.799664228E0
5.093738667E0,7.409591675E-2,-5.728587341E-1,9.780810699E0,9.797852585E0
5.103779667E0,-7.035369873E-3,-6.268963623E-1,9.787247314E0,9.807306386E0
5.113788667E0,-3.128494263E-2,-4.617897034E-1,9.770182800E0,9.781140037E0
5.123829667E0,-1.350192261E-1,-2.815644836E-1,9.744436340E0,9.749438360E0
5.133838667E0,-1.871109009E-1,-5.149291992E-2,9.745035095E0,9.746967273E0
5.143879667E0,-1.181044006E-1,-1.691482544E-1,9.762848053E0,9.765027490E0
5.153888667E0,-1.800755310E-1,-4.369413757E-1,9.770482178E0,9.781905078E0
5.163929667E0,-2.547702026E-1,-5.885760498E-1,9.774823151E0,9.795840814E0
5.173939667E0,-2.926414490E-1,-7.464976501E-1,9.778565369E0,9.811383105E0
5.183979667E0,-2.938389587E-1,-5.189707947E-1,9.762848053E0,9.781046678E0
5.194019667E0,-2.375559998E-1,-1.770817566E-1,9.748477936E0,9.752979692E0
5.204029667E0,-1.724414062E-1,1.739382935E-1,9.702972565E0,9.706063422E0
5.214069667E0,-9.774673462E-2,3.635939026E-1,9.714348907E0,9.721642333E0
5.224079667E0,-1.305285645E-1,2.579136658E-1,9.748627625E0,9.752912269E0
5.234119667E0,-1.760339355E-1,2.215393066E-1,9.730814667E0,9.734927924E0
5.244129667E0,-2.207908630E-1,9.325607300E-2,9.745334473E0,9.748281350E0
5.254169667E0,-2.432441711E-1,1.160087585E-1,9.754016418E0,9.757738573E0
5.264210667E0,-2.353106689E-1,7.214996338E-2,9.729317780E0,9.732430384E0
5.274219667E0,-2.368075562E-1,1.377136230E-1,9.716145172E0,9.720006166E0
5.284260667E0,-1.556762695E-1,1.613644409E-1,9.768835602E0,9.771408425E0
5.294269667E0,-1.002914429E-1,9.445358276E-2,9.776769104E0,9.777739717E0
5.304310667E0,-7.274871826E-2,-2.020797729E-2,9.757309570E0,9.757601692E0
5.314319667E0,-1.106199646E-1,-1.505868530E-1,9.754315796E0,9.756105259E0
5.324360667E0,-1.688488770E-1,-2.207908630E-1,9.779313812E0,9.783263115E0
5.334369667E0,-2.058219910E-1,-3.231779480E-1,9.771829376E0,9.779338221E0
5.344410667E0,-1.969903564E-1,-7.319778442E-2,9.749825134E0,9.752089687E0
5.354450667E0,-1.886077881E-1,2.559677124E-2,9.747130737E0,9.748988958E0
5.364460667E0,-1.856140137E-1,7.694000244E-2,9.743089142E0,9.745160766E0
5.374500667E0,-1.451980591E-1,6.511459351E-2,9.760902100E0,9.762199147E0
5.384510667E0,-8.098159790E-2,1.559756470E-1,9.759405212E0,9.760987477E0
5.394550667E0,-6.511459351E-2,1.594184875E-1,9.757758636E0,9.759278035E0
5.404560667E0,-1.058299255E-1,1.224453735E-1,9.749525757E0,9.750868952E0
5.414600667E0,-1.240919495E-1,9.894424438E-2,9.744286652E0,9.745579055E0
5.424610667E0,-7.050338745E-2,-2.335144043E-2,9.781708832E0,9.781990783E0
5.434650667E0,1.167572021E-2,4.086502075E-2,9.777816925E0,9.777909290E0
5.444690667E0,6.271957397E-2,6.885681152E-3,9.750124512E0,9.750328669E0
5.454700667E0,5.044509888E-2,4.790039062E-3,9.783355408E0,9.783486632E0
5.464741667E0,-1.496887207E-3,1.890568542E-1,9.773026886E0,9.774855459E0
5.474750667E0,2.993774414E-3,1.947450256E-1,9.760003967E0,9.761947143E0
5.484791667E0,-1.392105103E-2,2.100132751E-1,9.761949921E0,9.764218639E0
5.494800667E0,-2.005828857E-2,3.790118408E-1,9.763746185E0,9.771120298E0
5.504841667E0,3.382965088E-2,3.007246399E-1,9.754615173E0,9.759308220E0
5.514881667E0,3.128494263E-2,1.213975525E-1,9.753567352E0,9.754372979E0
5.524891667E0,6.242019653E-2,1.396595764E-1,9.766290894E0,9.767488874E0
5.534931667E0,7.200027466E-2,1.372645569E-1,9.780511322E0,9.781739483E0
5.544941667E0,2.559677124E-2,-1.197509766E-3,9.755513306E0,9.755546960E0
5.554981667E0,-1.826202393E-2,4.894821167E-2,9.758357391E0,9.758497241E0
5.564991667E0,-2.559677124E-2,1.643582153E-1,9.777816925E0,9.779231700E0
5.575031667E0,-5.688171387E-2,1.300794983E-1,9.765093384E0,9.766125383E0
5.585041667E0,-1.440005493E-1,-6.376739502E-2,9.746831360E0,9.748103610E0
5.595081667E0,-2.336640930E-1,-2.429447937E-1,9.684411163E0,9.690275572E0
5.605121667E0,-2.300715637E-1,5.418731689E-2,9.846374359E0,9.849210994E0
5.615131667E0,-1.974394226E-1,-1.275347900E-1,9.705517273E0,9.708363043E0
5.625171667E0,-1.838177490E-1,-1.541793823E-2,9.705367584E0,9.707120408E0
5.635187000E0,-2.002835083E-1,3.420387268E-1,9.732910309E0,9.740977726E0
5.645227000E0,-2.761756897E-1,5.968089294E-1,9.809850311E0,9.831867424E0
5.655237000E0,-2.935395813E-1,2.475851440E-1,9.668693848E0,9.676316686E0
5.665278000E0,-2.754272461E-1,3.592529297E-3,9.730964355E0,9.734862113E0
5.675318000E0,-2.725831604E-1,-3.233276367E-1,9.820029144E0,9.829130925E0
5.685328000E0,-2.354603577E-1,-6.268963623E-1,9.760003967E0,9.782950377E0
5.695368000E0,-1.920506287E-1,-7.420069885E-1,9.740843811E0,9.770951641E0
5.705378000E0,-1.190025330E-1,-7.330256653E-1,9.781259766E0,9.809410320E0
5.715418000E0,-5.852828979E-2,-6.387217712E-1,9.788145447E0,9.809137697E0
5.725428000E0,-6.286926270E-2,-4.324507141E-1,9.747879181E0,9.757669532E0
5.735468000E0,-1.121168518E-1,-3.116519165E-1,9.756261749E0,9.761882012E0
5.745478000E0,-1.752854919E-1,-1.592687988E-1,9.760902100E0,9.763774954E0
5.755518000E0,-1.935475159E-1,-1.329235840E-1,9.742939453E0,9.745768236E0
5.765558000E0,-1.779798889E-1,-1.860630798E-1,9.750423889E0,9.753822960E0
5.775568000E0,-1.772314453E-1,-1.472937012E-1,9.788145447E0,9.790857864E0
5.785608000E0,-1.721420288E-1,-2.866539001E-1,9.755812683E0,9.761541090E0
5.795618000E0,-1.686991882E-1,-3.173400879E-1,9.740394745E0,9.747022824E0
5.805658000E0,-1.098715210E-1,-1.642085266E-1,9.762997742E0,9.764996728E0
5.815668000E0,-7.155120850E-2,-2.152523804E-1,9.768835602E0,9.771468783E0
5.825708000E0,-9.430389404E-2,-4.834945679E-2,9.744286652E0,9.744862916E0
5.835718000E0,-1.103205872E-1,1.654060364E-1,9.740245056E0,9.742274044E0
5.845758000E0,-1.333726501E-1,3.417393494E-1,9.748777313E0,9.755676970E0
5.855799000E0,-1.276844788E-1,4.567002869E-1,9.743687897E0,9.755220772E0
5.865809000E0,-1.541793823E-1,4.712200928E-1,9.759255524E0,9.771841589E0
5.875849000E0,-1.962419128E-1,3.305126953E-1,9.750124512E0,9.757698372E0
5.885859000E0,-2.818638611E-1,2.080673218E-1,9.748328247E0,9.754621615E0
5.895899000E0,-3.121009827E-1,7.484436035E-3,9.755662994E0,9.760656919E0
5.905909000E0,-2.342628479E-1,-4.405339050E-1,9.759105835E0,9.771852225E0
5.915949000E0,-1.410067749E-1,-6.659651184E-1,9.754914551E0,9.778637448E0
5.925989000E0,-6.691085815E-2,-8.976832581E-1,9.789941711E0,9.831239546E0
5.935999000E0,-3.607498169E-2,-7.283853149E-1,9.779613190E0,9.806767088E0
5.946039000E0,-6.616241455E-2,-7.815248108E-1,9.758656769E0,9.790124638E0
5.956049000E0,-1.282832336E-1,-1.019080811E0,9.764794006E0,9.818665096E0
5.966089000E0,-7.679031372E-2,-1.113235016E0,9.773625641E0,9.837120876E0
5.976099000E0,-5.298980713E-2,-1.016536102E0,9.768236847E0,9.821130519E0
5.986139000E0,-3.472778320E-2,-1.018482056E0,9.767937469E0,9.820952811E0
5.996149000E0,-2.679428101E-2,-1.020727386E0,9.777816925E0,9.830987038E0
6.006189000E0,-5.763015747E-2,-8.452922058E-1,9.749525757E0,9.786270619E0
6.016230000E0,-1.100212097E-1,-6.527925110E-1,9.785600739E0,9.807967401E0
6.026239000E0,-1.348695374E-1,-5.251080322E-1,9.765392761E0,9.780430666E0
6.036280000E0,-1.302291870E-1,-3.043171692E-1,9.727820892E0,9.733450976E0
6.046289000E0,-1.055305481E-1,-1.059796143E-1,9.790989532E0,9.792131760E0
6.056330000E0,-7.604187012E-2,-2.649490356E-2,9.790241089E0,9.790572247E0
6.066340000E0,-3.727249146E-2,3.263214111E-2,9.710756378E0,9.710882737E0
6.076380000E0,-2.454895020E-2,-4.490661621E-4,9.757159882E0,9.757190774E0
6.086390000E0,2.365081787E-2,-1.062789917E-2,9.842781830E0,9.842815982E0
6.096430000E0,2.484832764E-2,9.879455566E-3,9.731712799E0,9.731749537E0
6.106470000E0,2.185455322E-2,-4.430786133E-2,9.727521515E0,9.727646973E0
6.116480000E0,1.631607056E-2,-7.649093628E-2,9.842482452E0,9.842793196E0
6.126520000E0,1.811233521E-2,-8.637039185E-2,9.779463501E0,9.779861669E0
6.136530000E0,1.676513672E-2,-1.016386414E-1,9.622290344E0,9.622841730E0
6.146570000E0,-4.340972900E-3,-8.547225952E-2,9.686057739E0,9.686435819E0
6.156580000E0,-1.092727661E-2,-5.882766724E-2,9.855954437E0,9.856136057E0
6.166620000E0,-1.541793823E-2,-3.772155762E-2,9.791588287E0,9.791673086E0
6.176661000E0,-1.616638184E-2,-2.649490356E-2,9.678423615E0,9.678473381E0
6.186670000E0,-2.365081787E-2,-2.245330811E-2,9.765243073E0,9.765297526E0
6.196711000E0,-2.140548706E-2,-4.146377563E-2,9.826465759E0,9.826576553E0
6.206720000E0,-2.395019531E-2,-6.137237549E-2,9.753267975E0,9.753490471E0
6.216761000E0,-2.230361938E-2,-7.214996338E-2,9.689051514E0,9.689345814E0
6.226770000E0,-1.960922241E-2,-8.427474976E-2,9.771529999E0,9.771913081E0
6.236811000E0,-2.664459229E-2,-7.753875732E-2,9.813442841E0,9.813785334E0
6.246820000E0,-1.287322998E-2,-5.358856201E-2,9.731114044E0,9.731270112E0
6.256861000E0,-1.287322998E-2,-4.775070190E-2,9.730664978E0,9.730790655E0
6.266901000E0,-1.077758789E-2,-4.685256958E-2,9.808353424E0,9.808471247E0
6.276911000E0,2.245330811E-3,-4.790039062E-2,9.778565369E0,9.778682946E0
6.286951000E0,-1.496887207E-3,-5.837860107E-2,9.736951904E0,9.737127024E0
6.296961000E0,-4.640350342E-3,-6.930587769E-2,9.750124512E0,9.750371933E0
6.307001000E0,-1.646575928E-3,-6.436614990E-2,9.764644318E0,9.764856597E0
6.317011000E0,-2.245330811E-3,-5.313949585E-2,9.723629608E0,9.723775070E0
6.327051000E0,-1.975891113E-2,-3.248245239E-2,9.896520081E0,9.896593112E0
6.337061000E0,-1.646575928E-2,-5.284011841E-2,9.672136688E0,9.672295039E0
6.347101000E0,-2.365081787E-2,-2.185455322E-2,9.708960114E0,9.709013517E0
6.357142000E0,-2.155517578E-2,-2.454895020E-2,9.807754669E0,9.807809079E0
6.367151000E0,-2.814147949E-2,-2.589614868E-2,9.898316345E0,9.898390224E0
6.377192000E0,-1.826202393E-2,-4.385879517E-2,9.641749878E0,9.641866925E0
6.387201000E0,-2.170486450E-2,-8.053253174E-2,9.671987000E0,9.672346619E0
6.397242000E0,-1.526824951E-2,-9.550140381E-2,9.885742493E0,9.886215569E0
6.407251000E0,8.382568359E-3,-9.729766846E-2,9.752669220E0,9.753158156E0
6.417292000E0,9.430389404E-3,-8.038284302E-2,9.692644043E0,9.692981939E0
6.427332000E0,2.694396973E-3,-5.508544922E-2,9.777966614E0,9.778122149E0
6.437342000E0,8.083190918E-3,-3.802093506E-2,9.818382568E0,9.818459512E0
6.447382000E0,9.131011963E-3,-2.200424194E-2,9.754016418E0,9.754045512E0
6.457392000E0,-1.017883301E-2,-3.143463135E-2,9.717492371E0,9.717548545E0
6.467432000E0,-2.544708252E-2,-3.876937866E-2,9.781259766E0,9.781369701E0
6.477442000E0,-2.484832764E-2,-4.385879517E-2,9.733658752E0,9.733789280E0
6.487482000E0,-3.397933960E-2,-4.730163574E-2,9.759405212E0,9.759578994E0
6.497492000E0,-2.679428101E-2,-5.029541016E-2,9.730215912E0,9.730382791E0
6.507532000E0,-3.338058472E-2,-4.879852295E-2,9.785750427E0,9.785929030E0
6.517572000E0,-2.784210205E-2,-5.284011841E-2,9.762548676E0,9.762731375E0
6.527582000E0,-1.766326904E-2,-3.951782227E-2,9.752818909E0,9.752914965E0
6.537622000E0,-1.107696533E-2,-3.772155762E-2,9.779463501E0,9.779542524E0
6.547632000E0,-1.496887207E-2,-6.182144165E-2,9.772577820E0,9.772784823E0
6.557673000E0,-1.257385254E-2,-6.900650024E-2,9.759255524E0,9.759507589E0
6.567682000E0,-1.751358032E-2,-7.304809570E-2,9.744885406E0,9.745174926E0
6.577723000E0,-1.736389160E-2,-6.706054688E-2,9.766739960E0,9.766985618E0
6.587763000E0,-1.736389160E-2,-5.792953491E-2,9.778864746E0,9.779051746E0
6.597773000E0,-1.631607056E-2,-4.670288086E-2,9.756561127E0,9.756686548E0
6.607813000E0,-2.080673218E-2,-4.161346436E-2,9.781559143E0,9.781669789E0
6.617823000E0,-1.841171265E-2,-4.849914551E-2,9.783205719E0,9.783343258E0
6.627863000E0,-1.856140137E-2,-5.239105225E-2,9.752519531E0,9.752677917E0
6.637902750E0,-2.514770508E-2,-5.134323120E-2,9.745334473E0,9.745502169E0
6.647942750E0,-8.831634521E-3,-3.472778320E-2,9.758058014E0,9.758123806E0
6.657952750E0,2.993774414E-4,-3.562591553E-2,9.763446808E0,9.763511810E0
6.667992750E0,-8.083190918E-3,-3.053649902E-2,9.754914551E0,9.754965695E0
6.678032750E0,-2.993774414E-4,-3.787124634E-2,9.770781555E0,9.770854953E0
6.688042750E0,-2.784210205E-2,-5.688171387E-2,9.771979065E0,9.772184278E0
6.698082750E0,-5.643264771E-2,-6.511459351E-2,9.776170349E0,9.776550069E0
6.708092750E0,-2.454895020E-2,-6.915618896E-2,9.786498871E0,9.786774003E0
6.718132750E0,-5.388793945E-3,-5.658233643E-2,9.761351166E0,9.761516644E0
6.728142750E0,6.197113037E-2,-3.427871704E-2,9.746382294E0,9.746639588E0
6.738183750E0,4.246669006E-1,3.442840576E-3,9.805209961E0,9.814402489E0
6.748192750E0,8.045768738E-1,-1.347198486E-3,9.874366150E0,9.907091027E0
6.758233750E0,6.815327454E-1,-2.993774414E-3,9.915979614E0,9.939373600E0
6.768273750E0,3.986210632E-1,-5.837860107E-3,9.929152222E0,9.937152342E0
6.778283750E0,1.369651794E-1,4.041595459E-3,9.916728058E0,9.917674686E0
6.788323750E0,2.516267395E-1,5.164260864E-2,9.848919067E0,9.852268255E0
6.798333750E0,3.257226562E-1,1.182540894E-2,9.722881165E0,9.728342779E0
6.808373750E0,-2.050735474E-2,-9.624984741E-2,9.709109802E0,9.709608526E0
6.818383750E0,3.445834351E-1,-8.427474976E-2,9.503437500E0,9.510055956E0
6.828423750E0,1.747615814E0,-8.322692871E-2,9.503736877E0,9.663441540E0
6.838463750E0,9.632469177E-1,-6.105802917E-1,9.734706573E0,9.801283844E0
6.848473750E0,-4.096980286E-1,-1.094673615E0,9.858199768E0,9.927248635E0
6.858513750E0,-7.628137207E-1,-5.433700562E-1,9.897717590E0,9.941928852E0
6.868523750E0,-9.430389404E-3,2.430944824E-1,9.832902374E0,9.835911395E0
6.878563750E0,7.789801025E-1,1.227447510E-1,9.652078400E0,9.684239449E0
6.888573750E0,1.088835754E0,-2.362088013E-1,9.665849762E0,9.729851464E0
6.898613750E0,9.277706909E-1,-2.474354553E-1,9.779912567E0,9.826936073E0
6.908623750E0,5.075944519E-1,4.745132446E-2,9.785750427E0,9.799021134E0
6.918663750E0,-9.026229858E-2,2.457888794E-1,9.789792023E0,9.793292975E0
6.928704750E0,-4.011657715E-2,2.844085693E-1,9.780211945E0,9.784428612E0
6.938714750E0,5.016069031E-1,4.204756165E-1,9.734257507E0,9.756237925E0
6.948754750E0,4.933740234E-1,2.966830444E-1,9.655521240E0,9.672669186E0
6.958764750E0,-3.592529297E-3,-9.280700684E-2,9.763147430E0,9.763589186E0
6.968804750E0,3.353027344E-2,-2.969824219E-1,9.785600739E0,9.790163668E0
6.978814750E0,1.332229614E-2,-1.613644409E-1,9.833201752E0,9.834534694E0
6.988854750E0,2.299218750E-1,6.496490479E-2,9.740095367E0,9.743025314E0
6.998864750E0,2.656974792E-1,-1.032852173E-2,9.758207703E0,9.761829716E0
7.008904750E0,7.860154724E-1,1.122665405E-2,9.708211670E0,9.739985636E0
7.018944750E0,9.273216248E-1,3.442840576E-2,9.709409180E0,9.753652512E0
7.028954750E0,8.770262146E-1,-7.334747314E-2,9.698631592E0,9.738480866E0
7.038994750E0,7.243437195E-1,-3.101550293E-1,9.798773346E0,9.830403301E0
7.049004750E0,5.909710693E-1,-5.502557373E-1,9.870923309E0,9.903895959E0
7.059044750E0,1.743873596E-1,-4.864883423E-1,9.829309845E0,9.842886461E0
7.069054750E0,2.005828857E-2,-1.914518738E-1,9.774523773E0,9.776419137E0
7.079094750E0,2.427951050E-1,-7.424560547E-2,9.784852295E0,9.788145703E0
7.089135750E0,-6.451583862E-2,3.592529297E-3,9.789492645E0,9.789705892E0
7.099144750E0,-4.517605591E-1,6.571334839E-2,9.756561127E0,9.767235580E0
7.109185750E0,-2.880010986E-1,-3.502716064E-2,9.770332489E0,9.774639046E0
7.119194750E0,3.552113342E-1,-1.204994202E-1,9.766889648E0,9.774089656E0
7.129235750E0,5.929170227E-1,-5.448669434E-2,9.754016418E0,9.772172516E0
7.139245750E0,7.360194397E-1,2.305206299E-2,9.696535950E0,9.724457077E0
7.149285750E0,8.756790161E-1,-8.861572266E-2,9.702822876E0,9.742660738E0
7.159295750E0,1.145118713E-1,-2.350112915E-2,9.710007935E0,9.710711579E0
7.169335750E0,-7.774832153E-1,3.977229309E-1,9.718989258E0,9.758146129E0
7.179375750E0,-1.581461334E0,2.088157654E-1,9.755662994E0,9.885220505E0
7.189385750E0,-1.260678406E0,-1.675016785E-1,9.827214203E0,9.909162722E0
7.199425750E0,-6.948550415E-1,-2.209405518E-1,9.747280426E0,9.774513490E0
7.209435750E0,-1.034349060E-1,-1.640588379E-1,9.766290894E0,9.768216413E0
7.219475750E0,3.173400879E-1,-1.483415222E-1,9.773925018E0,9.780200417E0
7.229485750E0,3.263214111E-1,-7.978408813E-2,9.756261749E0,9.762043561E0
7.239525750E0,1.073268127E-1,2.559677124E-2,9.722432098E0,9.723058168E0
7.249535750E0,-4.694238281E-1,-1.300794983E-1,9.737700348E0,9.749876280E0
7.259575750E0,-4.296066284E-1,-3.100053406E-1,9.708061981E0,9.722506498E0
7.269616750E0,-8.622070312E-2,-2.356100464E-1,9.699829102E0,9.703073261E0
7.279625750E0,2.721340942E-1,-1.658551025E-1,9.703421631E0,9.708653677E0
7.289666750E0,8.714877319E-1,-3.673361206E-1,9.760752411E0,9.806462885E0
7.299675750E0,1.089284821E0,-6.117778015E-1,9.825417938E0,9.904526801E0
7.309716750E0,1.188079376E0,-6.204597473E-1,9.818232880E0,9.909298652E0
7.319725750E0,6.734495544E-1,-3.932322693E-1,9.830507355E0,9.861391422E0
7.329766750E0,-3.134481812E-1,-4.082011414E-1,9.887838135E0,9.901223203E0
7.339806750E0,2.395019531E-2,-2.393522644E-1,9.735305328E0,9.738276693E0
7.349816750E0,4.442761230E-1,2.245330811E-3,9.787546692E0,9.797625047E0
7.359856750E0,3.607498169E-1,-1.176553345E-1,9.847122803E0,9.854431019E0
7.369866750E0,6.167175293E-2,-5.014572144E-2,9.809401245E0,9.809723278E0
7.379906750E0,-1.245410156E-1,1.011895752E-1,9.767189026E0,9.768507115E0
7.389916750E0,1.565744019E-1,2.179467773E-1,9.712552643E0,9.716259320E0
7.399956750E0,5.914201355E-1,3.460803223E-1,9.692494354E0,9.716686481E0
7.409966750E0,1.126707001E0,4.320016479E-1,9.666298828E0,9.741325737E0
7.420006750E0,1.172062683E0,3.529660034E-1,9.710906067E0,9.787748085E0
7.430047750E0,1.023721161E0,1.505868530E-1,9.729168091E0,9.784037671E0
7.440056750E0,1.387764130E0,9.834548950E-2,9.764344940E0,9.862960672E0
7.450097750E0,1.914369049E0,-2.519261169E-1,9.855655060E0,1.004301809E1
7.460106750E0,1.022523651E0,-5.776487732E-1,9.766889648E0,9.837243828E0
7.470147750E0,-6.298901367E-1,-4.451742554E-1,9.756860504E0,9.787301395E0
7.480156750E0,-1.676962738E0,-8.951385498E-2,9.821825409E0,9.964360046E0
7.490197750E0,-7.870632935E-1,1.643582153E-1,9.867031403E0,9.899736913E0
7.500206750E0,-5.046006775E-1,-7.783813477E-2,9.842183075E0,9.855417206E0
7.510247750E0,-1.328188019E0,-3.534150696E-1,9.829459534E0,9.925082385E0
7.520287750E0,-2.113455048E0,-2.100132751E-1,9.831854553E0,1.005863618E1
7.530297750E0,-2.352208557E0,1.648072815E-1,9.751771088E0,1.003280050E1
7.540337750E0,-1.294957123E0,4.944218445E-1,9.580377502E0,9.680134297E0
7.550347750E0,3.998185730E-1,6.933581543E-1,9.615853729E0,9.649105832E0
7.560387750E0,1.345102844E0,4.908293152E-1,9.652976532E0,9.758594725E0
7.570397750E0,1.360520782E0,1.049317932E-1,9.638007660E0,9.734126521E0
7.580437750E0,7.743397522E-1,-1.779798889E-1,9.761800232E0,9.794081001E0
7.590477750E0,2.389031982E-1,-3.053649902E-1,9.815089417E0,9.822744157E0
7.600487750E0,4.565505981E-1,-3.225791931E-1,9.862840118E0,9.878669495E0
7.610527750E0,4.248165894E-1,-6.297404480E-1,9.918823700E0,9.947869408E0
7.620537750E0,2.174977112E-1,-1.043480072E0,9.814790039E0,9.872500161E0
7.630598792E0,-8.482859802E-1,-1.225202179E0,9.641151123E0,9.755639623E0
7.640607792E0,-1.141077118E0,-4.968168640E-1,9.607171783E0,9.687447221E0
7.650648792E0,-5.361849976E-1,1.538800049E-1,9.727970581E0,9.743951202E0
7.660657792E0,-7.424560547E-2,9.550140381E-2,9.783654785E0,9.784402582E0
7.670698792E0,-6.201603699E-1,-3.122506714E-1,9.794881439E0,9.819460361E0
7.680738792E0,-1.562750244E0,-5.611830139E-1,9.787696381E0,9.927543258E0
7.690748792E0,-1.382824402E0,-2.695893860E-1,9.831405487E0,9.931838481E0
7.700788792E0,-9.879455566E-1,1.276844788E-1,9.782008209E0,9.832600081E0
7.710798792E0,-4.225712585E-1,2.445913696E-1,9.745184784E0,9.757408359E0
7.720838792E0,4.093986511E-1,2.448907471E-1,9.708511047E0,9.720224560E0
7.730848792E0,1.153351593E0,2.957849121E-1,9.696086884E0,9.768920589E0
7.740888792E0,1.415606232E0,3.086581421E-1,9.752968597E0,9.860000371E0
7.750898792E0,9.069639587E-1,2.993774414E-4,9.784103851E0,9.826050676E0
7.760938792E0,-7.274871826E-2,-2.540217590E-1,9.762249298E0,9.765824634E0
7.770978792E0,-7.604187012E-1,-2.246827698E-1,9.737251282E0,9.769482150E0
7.780988792E0,-6.851252747E-1,-1.772314453E-1,9.718989258E0,9.744719587E0
7.791028792E0,-6.176156616E-1,-1.350192261E-1,9.729916534E0,9.750433583E0
7.801038792E0,-5.218148804E-1,-4.595443726E-2,9.788444824E0,9.802451462E0
7.811078792E0,-3.547622681E-1,-1.969903564E-1,9.811047821E0,9.819435870E0
7.821088792E0,-1.691482544E-1,-2.564167786E-1,9.790540466E0,9.795358254E0
7.831129792E0,3.487747192E-2,-1.619631958E-1,9.755213928E0,9.756620691E0
7.841169792E0,-3.276686096E-1,-1.574725342E-1,9.724228363E0,9.731021610E0
7.851179792E0,-6.044430542E-1,-2.502795410E-1,9.717043304E0,9.739041115E0
7.861219792E0,-8.530760193E-1,-2.814147949E-1,9.716893616E0,9.758327445E0
7.871229792E0,-9.460327148E-1,-8.247848511E-2,9.752818909E0,9.798941640E0
7.881269792E0,-9.478289795E-1,-9.580078125E-3,9.749076691E0,9.795048130E0
7.891279792E0,-7.553292847E-1,-6.436614990E-2,9.746082916E0,9.775520321E0
7.901319792E0,-5.704637146E-1,-5.777984619E-2,9.767189026E0,9.784004744E0
7.911329792E0,-6.712042236E-1,-1.145118713E-1,9.766889648E0,9.790595563E0
7.921369792E0,-7.665559387E-1,-3.076103210E-1,9.756261749E0,9.791163130E0
7.931409792E0,-7.361691284E-1,-2.953358459E-1,9.761800232E0,9.793973250E0
7.941419792E0,-8.463400269E-1,-3.225791931E-1,9.817035370E0,9.858728733E0
7.951459792E0,-7.186555481E-1,-2.395019531E-1,9.734257507E0,9.763687633E0
7.961469792E0,-2.757266235E-1,-9.250762939E-2,9.718390503E0,9.722741218E0
7.971509792E0,4.797523499E-1,1.781295776E-1,9.726024628E0,9.739478812E0
7.981519792E0,1.263073425E0,2.890489197E-1,9.702074432E0,9.788214957E0
7.991559792E0,1.122665405E0,2.023791504E-1,9.745334473E0,9.811874383E0
8.001569792E0,6.836283875E-1,-3.457809448E-2,9.832752686E0,9.856549538E0
8.011609792E0,1.969903564E-1,-2.466870117E-1,9.810299377E0,9.815377403E0
8.021650792E0,-2.658471680E-1,-3.110531616E-1,9.755662994E0,9.764240331E0
8.031660792E0,-5.312452698E-1,-2.258802795E-1,9.722132721E0,9.739256033E0
8.041700792E0,-7.438032532E-1,-1.163081360E-1,9.708960114E0,9.738104402E0
8.051710792E0,-6.625222778E-1,-8.442443848E-2,9.699679413E0,9.722645934E0
8.061750792E0,-1.892065430E-1,-1.212478638E-2,9.738149414E0,9.739994874E0
8.071760792E0,3.695814514E-1,5.044509888E-2,9.786349182E0,9.793455237E0
8.081800792E0,7.533833313E-1,9.131011963E-3,9.795929260E0,9.824861317E0
8.091840792E0,1.054407349E0,-1.014889526E-1,9.824370117E0,9.881311809E0
8.101850792E0,1.336121521E0,-1.727407837E-1,9.842781830E0,9.934556570E0
8.111890792E0,1.268312531E0,-2.168989563E-1,9.824220428E0,9.908126405E0
8.121900792E0,4.599934387E-1,-3.920347595E-1,9.857601013E0,9.876111732E0
8.131940792E0,-1.317260742E-2,-3.267704773E-1,9.743987274E0,9.749473856E0
8.141950792E0,3.849993896E-1,-2.200424194E-1,9.762848053E0,9.772913859E0
8.151990792E0,7.818241882E-1,-2.176473999E-1,9.761201477E0,9.794879975E0
8.162000792E0,6.056405640E-1,-3.553610229E-1,9.698182526E0,9.723570653E0
8.172040792E0,3.083587646E-1,-3.921844482E-1,9.657018127E0,9.669896219E0
8.182081792E0,2.697390747E-1,-2.390528870E-1,9.676926727E0,9.683636524E0
8.192090792E0,3.240760803E-1,-9.699829102E-2,9.730964355E0,9.736842469E0
8.202131792E0,2.198927307E-1,-5.508544922E-2,9.743837585E0,9.746474137E0
8.212140792E0,-2.622546387E-1,9.595046997E-2,9.750723267E0,9.754721329E0
8.222181792E0,-9.180409241E-1,2.287243652E-1,9.768835602E0,9.814543443E0
8.232191792E0,-1.178199921E0,2.326162720E-1,9.739945679E0,9.813705070E0
8.242231792E0,-1.240769806E0,1.573228455E-1,9.757010193E0,9.836844417E0
8.252241792E0,-1.121617584E0,7.574249268E-2,9.730365601E0,9.795089466E0
8.262281792E0,-1.160237274E0,3.847000122E-2,9.731862488E0,9.800855981E0
8.272321792E0,-1.219214630E0,-3.382965088E-2,9.743238831E0,9.819283664E0
8.282331792E0,-1.138682098E0,-1.103205872E-1,9.733509064E0,9.800508469E0
8.292371792E0,-1.300196228E0,-1.633103943E-1,9.713600464E0,9.801592447E0
8.302381792E0,-1.864223328E0,-2.957849121E-1,9.711804199E0,9.893531126E0
8.312421792E0,-2.065404968E0,-3.806584167E-1,9.723779297E0,9.947998911E0
8.322431792E0,-1.472338257E0,-2.639012146E-1,9.740843811E0,9.855022169E0
8.332471792E0,-5.692662048E-1,-1.240919495E-1,9.748777313E0,9.766172327E0
8.342512792E0,-2.037263489E-1,-7.349716187E-2,9.767039337E0,9.769440295E0
8.352521792E0,-1.432521057E-1,-7.753875732E-2,9.766739960E0,9.768098222E0
8.362562792E0,-1.585203552E-1,-8.726852417E-2,9.765841827E0,9.767518165E0
8.372571792E0,-2.094145203E-1,-1.032852173E-1,9.772128754E0,9.774918038E0
8.382612792E0,-2.800675964E-1,-1.622625732E-1,9.770931244E0,9.776290931E0
8.392621792E0,-2.270777893E-1,-1.895059204E-1,9.787097626E0,9.791565592E0
8.402662792E0,-1.538800049E-1,-1.675016785E-1,9.799671478E0,9.802310796E0
8.412671792E0,-1.284329224E-1,-1.252894592E-1,9.828411713E0,9.830049301E0
8.422712792E0,-1.019380188E-1,-6.990463257E-2,9.833950195E0,9.834726964E0
8.432752792E0,-9.265731812E-2,-1.826202393E-2,9.809251556E0,9.809706162E0
8.442762792E0,-7.035369873E-3,-5.388793945E-3,9.571545868E0,9.571549970E0
8.452802792E0,-1.272354126E-2,-3.592529297E-2,9.448801117E0,9.448877979E0
8.462812792E0,-9.265731812E-2,-1.062789917E-2,9.825717316E0,9.826159937E0
8.472852792E0,1.871109009E-2,-6.735992432E-3,9.795629883E0,9.795650069E0
8.482862792E0,-2.544708252E-2,-6.541397095E-2,9.887987823E0,9.888236938E0
8.492902792E0,5.538482666E-3,-1.067280579E-1,9.655820618E0,9.656412033E0
8.502912792E0,-1.571731567E-2,-1.291813660E-1,9.706565094E0,9.707437395E0
8.512952792E0,-4.849914551E-2,-1.657054138E-1,9.803413696E0,9.804933990E0
8.522993792E0,-3.263214111E-2,-1.435514832E-1,9.775122528E0,9.776230988E0
8.533002792E0,-1.167572021E-2,-9.355545044E-2,9.766141205E0,9.766596284E0
8.543043792E0,4.939727783E-3,-4.775070190E-2,9.766440582E0,9.766558564E0
8.553052792E0,1.691482544E-2,-2.514770508E-2,9.782606964E0,9.782653911E0
8.563093792E0,2.604583740E-2,5.987548828E-4,9.770931244E0,9.770965977E0
8.573102792E0,2.544708252E-2,-7.484436035E-4,9.761500854E0,9.761534052E0
8.583143792E0,6.137237549E-3,-1.856140137E-2,9.762249298E0,9.762268873E0
8.593183792E0,-2.245330811E-3,-3.038681030E-2,9.761800232E0,9.761847785E0
8.603193792E0,1.796264648E-3,-5.029541016E-2,9.766590271E0,9.766719939E0
8.613233792E0,7.484436035E-3,-5.538482666E-2,9.766590271E0,9.766750177E0
8.623243792E0,1.496887207E-2,-6.631210327E-2,9.755662994E0,9.755899847E0
8.633303750E0,1.332229614E-2,-6.511459351E-2,9.756261749E0,9.756488134E0
8.643313750E0,1.137634277E-2,-6.002517700E-2,9.768536224E0,9.768727267E0
8.653353750E0,8.831634521E-3,-6.496490479E-2,9.782157898E0,9.782377603E0
8.663363750E0,3.592529297E-3,-6.915618896E-2,9.759554901E0,9.759800580E0
8.673403750E0,-1.407073975E-2,-8.397537231E-2,9.735604706E0,9.735977036E0
8.683443750E0,-2.409988403E-2,-7.978408813E-2,9.749376068E0,9.749732305E0
8.693453750E0,-2.050735474E-2,-6.750961304E-2,9.775870972E0,9.776125580E0
8.703493750E0,-1.871109009E-2,-5.987548828E-2,9.767039337E0,9.767240787E0
8.713503750E0,-1.017883301E-2,-6.391708374E-2,9.752968597E0,9.753183350E0
8.723544750E0,-8.532257080E-3,-5.373825073E-2,9.766141205E0,9.766292778E0
8.733553750E0,-0.000000000E0,-5.463638306E-2,9.768685913E0,9.768838703E0
8.743594750E0,1.945953369E-3,-6.197113037E-2,9.755213928E0,9.755410960E0
8.753603750E0,1.466949463E-2,-6.376739502E-2,9.763746185E0,9.763965437E0
8.763644750E0,1.317260742E-2,-5.179229736E-2,9.754166107E0,9.754312503E0
8.773684750E0,1.586700439E-2,-3.981719971E-2,9.748927002E0,9.749021226E0
8.783694750E0,9.131011963E-3,-4.191284180E-2,9.760003967E0,9.760098232E0
8.793734750E0,3.891906738E-3,-3.652404785E-2,9.767488403E0,9.767557467E0
8.803744750E0,-8.831634521E-3,-3.263214111E-2,9.759554901E0,9.759613451E0
8.813784750E0,-1.601669312E-2,-4.191284180E-2,9.755213928E0,9.755317115E0
8.823794750E0,-2.245330811E-2,-4.954696655E-2,9.751322021E0,9.751473746E0
8.833834750E0,-1.945953369E-2,-5.194198608E-2,9.767338715E0,9.767496210E0
8.843844750E0,-8.981323242E-3,-5.763015747E-2,9.775421906E0,9.775595907E0
8.853884750E0,-7.484436035E-4,-6.780899048E-2,9.755213928E0,9.755449626E0
8.863924750E0,5.987548828E-3,-5.822891235E-2,9.749226379E0,9.749402107E0
8.873934750E0,2.350112915E-2,-5.284011841E-2,9.756860504E0,9.757031889E0
8.883974750E0,2.215393066E-2,-5.463638306E-2,9.752070465E0,9.752248678E0
8.893984750E0,2.035766602E-2,-6.721023560E-2,9.758058014E0,9.758310707E0
8.904025750E0,1.945953369E-2,-6.047424316E-2,9.758507080E0,9.758713862E0
8.914034750E0,1.392105103E-2,-5.194198608E-2,9.760752411E0,9.760900542E0
8.924075750E0,1.107696533E-2,-6.032455444E-2,9.744136963E0,9.744329987E0
8.934115750E0,-2.185455322E-2,-7.200027466E-2,9.787247314E0,9.787536547E0
8.944125750E0,-3.113525391E-2,-7.708969116E-2,9.778415680E0,9.778769117E0
8.954165750E0,-1.616638184E-2,-7.364685059E-2,9.754016418E0,9.754307843E0
8.964175750E0,-1.407073975E-2,-7.634124756E-2,9.771529999E0,9.771838337E0
8.974215750E0,-1.826202393E-2,-7.065307617E-2,9.750423889E0,9.750696969E0
8.984225750E0,1.047821045E-3,-5.748046875E-2,9.737850037E0,9.738019739E0
8.994265750E0,-2.245330811E-3,-3.682342529E-2,9.752519531E0,9.752589308E0
9.004275750E0,5.688171387E-3,-3.832031250E-2,9.794731750E0,9.794808363E0
9.014315750E0,-1.167572021E-2,-3.008743286E-2,9.766590271E0,9.766643594E0
9.024355750E0,1.047821045E-3,-4.041595459E-2,9.734706573E0,9.734790528E0
9.034365750E0,-2.275268555E-2,-5.209167480E-2,9.771979065E0,9.772144395E0
9.044405750E0,-1.197509766E-2,-6.586303711E-2,9.781110077E0,9.781339156E0
9.054415750E0,3.891906738E-3,-6.990463257E-2,9.727970581E0,9.728222522E0
9.064455750E0,1.796264648E-3,-7.589218140E-2,9.744436340E0,9.744732035E0
9.074465750E0,1.152603149E-2,-7.514373779E-2,9.782606964E0,9.782902353E0
9.084505750E0,1.257385254E-2,-5.239105225E-2,9.749525757E0,9.749674631E0
9.094515750E0,1.242416382E-2,-5.777984619E-2,9.734107819E0,9.734287231E0
9.104556750E0,1.242416382E-2,-6.301895142E-2,9.754315796E0,9.754527277E0
9.114596750E0,8.232879639E-3,-5.194198608E-2,9.756411438E0,9.756553177E0
9.124606750E0,7.933502197E-3,-5.523513794E-2,9.753267975E0,9.753427605E0
9.134646750E0,-1.047821045E-3,-5.583389282E-2,9.771380310E0,9.771539883E0
9.144656750E0,-1.317260742E-2,-6.541397095E-2,9.771979065E0,9.772206882E0
9.154696750E0,-1.137634277E-2,-6.930587769E-2,9.744586029E0,9.744839127E0
9.164706750E0,-5.239105225E-3,-7.200027466E-2,9.770332489E0,9.770599185E0
9.174746750E0,-1.496887207E-4,-6.316864014E-2,9.781858521E0,9.782062483E0
9.184786750E0,1.347198486E-2,-5.777984619E-2,9.745035095E0,9.745215699E0
9.194796750E0,-5.987548828E-4,-4.281097412E-2,9.755213928E0,9.755307885E0
9.204836750E0,-4.041595459E-3,-2.679428101E-2,9.777667236E0,9.777704784E0
9.214846750E0,-1.930984497E-2,-2.290237427E-2,9.765692139E0,9.765738085E0
9.224886750E0,-4.819976807E-2,-3.682342529E-2,9.740993500E0,9.741182348E0
9.234896750E0,-2.290237427E-2,-3.502716064E-2,9.738897858E0,9.738987776E0
9.244936750E0,6.466552734E-2,-1.212478638E-2,9.797426147E0,9.797647052E0
9.254946750E0,4.745132446E-2,-2.933898926E-2,9.808952179E0,9.809110829E0
9.264986750E0,-1.526824951E-2,-3.787124634E-2,9.787995758E0,9.788080931E0
9.275027750E0,-1.023870850E-1,-1.013392639E-1,9.851164398E0,9.852217657E0
9.285036750E0,-1.052311707E-1,-1.646575928E-1,9.884694672E0,9.886626041E0
9.295077750E0,-5.822891235E-2,-1.734892273E-1,9.900561676E0,9.902252805E0
9.305087750E0,-1.634600830E-1,-1.392105103E-1,1.000699036E1,1.000929342E1
9.315127750E0,-4.520599365E-2,-6.750961304E-2,9.974507904E0,9.974838799E0
9.325137750E0,5.777984619E-2,-2.784210205E-2,9.728269958E0,9.728481386E0
9.335177750E0,1.648072815E-1,3.802093506E-2,9.867181091E0,9.868630590E0
9.345187750E0,4.767585754E-1,7.140151978E-2,9.891430664E0,9.903171083E0
9.355227750E0,4.510121155E-1,-2.784210205E-2,9.945318604E0,9.955578800E0
9.365267750E0,2.775228882E-1,-1.475930786E-1,1.011326935E1,1.011815297E1
9.375277750E0,5.029541016E-2,-1.779798889E-1,9.739646301E0,9.741402186E0
9.385317750E0,-2.793191528E-1,-2.631527710E-1,9.571246490E0,9.578936682E0
9.395327750E0,-2.751278687E-1,-3.097059631E-1,1.012644196E1,1.013491193E1
9.405367750E0,-3.778143311E-1,-2.781216431E-1,9.492809601E0,9.504395269E0
9.415377750E0,-1.640588379E-1,-3.670367432E-1,9.022787018E0,9.031739414E0
9.425417750E0,1.279838562E-1,-2.113604736E-1,9.554780731E0,9.557975096E0
9.435458750E0,-4.715194702E-2,-2.484832764E-1,9.751322021E0,9.754601397E0
9.445467750E0,1.062789917E-1,-2.270777893E-1,9.555529175E0,9.558817780E0
9.455508750E0,-1.511856079E-2,-3.421884155E-1,9.520202637E0,9.526362355E0
9.465517750E0,-1.431024170E-1,-3.483256531E-1,9.516759796E0,9.524207373E0
9.475558750E0,6.077362061E-2,-1.799258423E-1,9.622140656E0,9.624014627E0
9.485567750E0,7.334747314E-3,-3.188369751E-2,9.642348633E0,9.642404136E0
9.495608750E0,1.077758789E-1,2.177970886E-1,9.896969147E0,9.899951995E0
9.505618750E0,-2.260299683E-1,-4.894821167E-1,9.784702606E0,9.799545264E0
9.515658750E0,2.790197754E-1,-5.403762817E-1,9.991722107E0,1.001021325E1
9.525698750E0,1.791773987E-1,-1.830693054E-1,1.011087433E1,1.011411878E1
9.535708750E0,7.544311523E-2,-1.383123779E-1,1.008378067E1,1.008501138E1
9.545748750E0,1.049317932E-1,-2.118095398E-1,1.006312363E1,1.006589942E1
9.555758750E0,1.945953369E-2,-4.158352661E-1,9.865085449E0,9.873864925E0
9.565798750E0,-5.403762817E-2,-4.962181091E-1,9.819580078E0,9.832258407E0
9.575808750E0,-3.065625000E-1,-5.944139099E-1,9.762398987E0,9.785281930E0
9.585848750E0,-2.731819153E-1,-6.194119263E-1,9.558522949E0,9.582466304E0
9.595858750E0,1.306782532E-1,-3.312611389E-1,9.587562561E0,9.594173576E0
9.605898750E0,7.155120850E-2,-5.683680725E-1,9.860894165E0,9.877519708E0
9.615939750E0,-6.286926270E-3,-7.813751221E-1,9.717342682E0,9.748709422E0
9.625948750E0,9.909393311E-2,-6.412664795E-1,9.581575012E0,9.603521334E0
9.636001750E0,5.194198608E-2,-3.836521912E-1,9.854008484E0,9.861610932E0
9.646010750E0,1.073268127E-1,-2.712359619E-1,9.867480469E0,9.871791063E0
9.656051750E0,2.186952209E-1,-1.398092651E-1,9.875264282E0,9.878674955E0
9.666060750E0,2.192939758E-1,1.092727661E-1,1.008093658E1,1.008391357E1
9.676101750E0,2.478845215E-1,-5.239105225E-3,1.022508682E1,1.022809243E1
9.686141750E0,3.950285339E-1,-3.577560425E-2,1.069840256E1,1.070575288E1
9.696151750E0,-8.741821289E-2,1.365161133E-1,1.129311584E1,1.129427926E1
9.706191750E0,-8.068222046E-1,4.745132446E-2,1.105585922E1,1.108536138E1
9.716201750E0,-2.148033142E-1,-1.330732727E-1,9.838590546E0,9.841834833E0
9.726241750E0,8.526269531E-1,-1.182391205E0,8.608298950E0,8.730855199E0
9.736251750E0,1.161285095E0,-1.556762695E0,8.410111084E0,8.631457676E0
9.746291750E0,1.279688873E0,-1.301393738E0,8.731642456E0,8.920359256E0
9.756301750E0,1.444945221E0,-9.089099121E-1,9.331894226E0,9.486739891E0
9.766341750E0,7.955955505E-1,-4.498146057E-1,9.959988098E0,1.000183325E1
9.776381750E0,4.595443726E-2,-4.324507141E-1,1.008363098E1,1.009300447E1
9.786391750E0,-6.429130554E-1,-4.135899353E-1,9.731712799E0,9.761691853E0
9.796432750E0,-7.322772217E-1,6.242019653E-2,9.381590881E0,9.410333346E0
9.806441750E0,-3.327580261E-1,7.571255493E-1,9.044641571E0,9.082373487E0
9.816482750E0,1.161584473E-1,9.253756714E-1,9.564061432E0,9.609426829E0
9.826491750E0,4.794529724E-1,4.655319214E-2,1.164832718E1,1.165828325E1
9.836532750E0,3.619473267E-1,-9.307644653E-1,1.166389481E1,1.170656954E1
9.846541750E0,-1.282233582E0,-9.599537659E-1,1.045321243E1,1.057522030E1
9.856582750E0,-1.376088409E0,-1.242566071E0,1.153860535E1,1.168661641E1
9.866622750E0,-1.249900818E-1,-1.250349884E0,1.198168396E1,1.204739590E1
9.876632750E0,1.018931122E0,-8.129594421E-1,1.126542343E1,1.134058591E1
9.886672750E0,1.527872772E0,-6.135740662E-1,1.040725800E1,1.053669243E1
9.896682750E0,1.810784454E0,-4.785548401E-1,9.407187653E0,9.591826448E0
9.906722750E0,1.770368500E0,-1.890568542E-1,8.589138794E0,8.771730293E0
9.916732750E0,1.229543152E0,-1.378633118E-1,8.198750610E0,8.291579718E0
9.926772750E0,7.934999084E-1,-2.957849121E-1,8.300988007E0,8.344071710E0
9.936782750E0,9.551637268E-1,-4.269122314E-1,8.883127441E0,8.944525976E0
9.946822750E0,1.203647003E0,-7.238946533E-1,9.692793732E0,9.794030830E0
9.956862750E0,1.587748260E0,-9.075627136E-1,1.027448410E1,1.043597806E1
9.966872750E0,1.716031494E0,-7.015910339E-1,1.075872711E1,1.091728918E1
9.976912750E0,1.287772064E0,-3.568579102E-1,1.126183090E1,1.134083505E1
9.986922750E0,9.237290955E-1,-2.038760376E-1,1.157917099E1,1.161774684E1
9.996963750E0,5.225633240E-1,-5.065466309E-1,1.155222702E1,1.157512899E1
1.000697275E1,4.553530884E-1,-7.318281555E-1,1.116737732E1,1.120059084E1
1.001701375E1,8.756790161E-1,-7.529342651E-1,1.106543930E1,1.112554136E1
1.002705375E1,1.608255615E0,-7.111711121E-1,1.072848999E1,1.087164881E1
1.003706375E1,1.978435822E0,-3.483256531E-1,1.041159897E1,1.060362825E1
1.004710375E1,1.973496094E0,1.167572021E-1,1.047850983E1,1.066337129E1
1.005711375E1,2.013912048E0,3.041674805E-1,1.062400726E1,1.081748076E1
1.006715375E1,1.817520447E0,2.627037048E-1,1.091245743E1,1.106589901E1
1.007716375E1,1.669927368E0,-1.646575928E-3,1.087054459E1,1.099806345E1
1.008720375E1,1.650916901E0,-2.585124207E-1,1.055410263E1,1.068557147E1
1.009721375E1,1.593885498E0,-4.305047607E-1,1.051338730E1,1.064223275E1
1.010725375E1,1.456620941E0,-7.231462097E-1,1.062655197E1,1.075026938E1
1.011729375E1,1.222657471E0,-7.876620483E-1,1.093371323E1,1.103002211E1
1.012730375E1,9.731263733E-1,-4.867877197E-1,1.138427628E1,1.143615685E1
1.013734375E1,5.921685791E-1,-7.708969116E-2,1.170910080E1,1.172431866E1
1.014735375E1,1.763333130E-1,5.285508728E-1,1.161809006E1,1.163144342E1
1.015739375E1,-4.864883423E-2,8.934919739E-1,1.147947830E1,1.151430053E1
1.016740375E1,1.971400452E-1,8.713380432E-1,1.140283768E1,1.143777956E1
1.017744375E1,4.842430115E-1,4.025129700E-1,1.143097916E1,1.144830959E1
1.018745375E1,5.737568665E-1,-6.990463257E-2,1.141136993E1,1.142599875E1
1.019749475E1,6.768923950E-1,-3.517684937E-1,1.112396759E1,1.115009324E1
1.020753475E1,6.245013428E-1,-5.704637146E-1,1.087743027E1,1.091026672E1
1.021754475E1,3.088078308E-1,-2.874023438E-1,1.078686859E1,1.079511447E1
1.022758475E1,4.849914551E-2,9.520202637E-2,1.066906357E1,1.066959854E1
1.023759475E1,-8.502319336E-2,1.001417542E-1,1.060439804E1,1.060521170E1
1.024763475E1,-1.567240906E-1,8.173004150E-2,1.065259781E1,1.065406412E1
1.025764475E1,-2.290237427E-1,1.191522217E-1,1.078447357E1,1.078756318E1
1.026768475E1,-2.490820312E-1,2.303709412E-1,1.083536774E1,1.084067833E1
1.027772475E1,-9.101074219E-2,6.176156616E-1,1.075079361E1,1.076890409E1
1.028773475E1,2.260299683E-1,9.354048157E-1,1.067490143E1,1.071818978E1
1.029777475E1,4.854405212E-1,8.693920898E-1,1.081441132E1,1.086015595E1
1.030778475E1,4.486170959E-1,5.439688110E-1,1.088147186E1,1.090429224E1
1.031782475E1,4.409829712E-1,2.486329651E-1,1.089374634E1,1.090550290E1
1.032783475E1,2.480342102E-1,1.868115234E-1,1.071666458E1,1.072116222E1
1.033787475E1,1.886077881E-1,3.442840576E-1,1.051353699E1,1.052086329E1
1.034788475E1,2.257305908E-1,5.174739075E-1,1.036938675E1,1.038474434E1
1.035792475E1,3.008743286E-2,4.815486145E-1,1.015578094E1,1.016723566E1
1.036796575E1,-5.284011841E-2,1.935475159E-1,1.015039215E1,1.015237477E1
1.037797475E1,-3.412902832E-2,-2.948867798E-2,1.016102005E1,1.016112016E1
1.038801575E1,7.244934082E-2,1.510359192E-1,1.013168106E1,1.013306577E1
1.039802575E1,1.682501221E-1,4.556524658E-1,1.011027557E1,1.012193655E1
1.040806575E1,2.014810181E-1,4.644841003E-1,1.003573059E1,1.004849385E1
1.041807575E1,2.764750671E-1,3.793112183E-1,1.002644989E1,1.003743059E1
1.042811575E1,2.152523804E-1,2.471360779E-1,9.873617706E0,9.879055443E0
1.043812575E1,1.411564636E-1,2.092648315E-1,9.520801392E0,9.524146999E0
1.044816575E1,1.990859985E-2,2.923420715E-1,9.301806793E0,9.306420894E0
1.045820575E1,-4.924758911E-2,4.101470947E-1,9.227261810E0,9.236504018E0
1.046821575E1,8.921447754E-2,6.456074524E-1,9.364226990E0,9.386879957E0
1.047825575E1,1.100212097E-1,7.509883118E-1,9.427096252E0,9.457601803E0
1.048826575E1,2.195933533E-1,7.670050049E-1,9.195976868E0,9.230520487E0
1.049830575E1,3.373983765E-1,7.803273010E-1,9.162895660E0,9.202250010E0
1.050831575E1,2.908451843E-1,7.294331360E-1,9.354946289E0,9.387847660E0
1.051835575E1,3.076103210E-1,8.652008057E-1,9.346114655E0,9.391115785E0
1.052839675E1,2.980302429E-1,8.864566040E-1,9.217232666E0,9.264556404E0
1.053840575E1,2.627037048E-1,7.530839539E-1,9.130113831E0,9.164885555E0
1.054844675E1,3.367996216E-1,5.634283447E-1,9.277257843E0,9.300451525E0
1.055845575E1,3.809577942E-1,4.090992737E-1,9.297914886E0,9.314704090E0
1.056849675E1,4.087998962E-1,4.468208313E-1,8.952583008E0,8.973043448E0
1.057850575E1,4.001179504E-1,6.643185425E-1,8.661438446E0,8.696087020E0
1.058854675E1,3.984713745E-1,1.000070343E0,8.469836884E0,8.537977334E0
1.059855675E1,5.200186157E-1,1.261726227E0,8.553812256E0,8.661990334E0
1.060859675E1,3.617976379E-1,1.180594940E0,8.788374481E0,8.874695937E0
1.061863675E1,1.992356873E-1,9.979747009E-1,9.063652039E0,9.120605059E0
1.062864675E1,1.371148682E-1,8.806187439E-1,9.132957916E0,9.176339693E0
1.063870313E1,1.426533508E-1,8.228388977E-1,9.080716553E0,9.119036514E0
1.064871313E1,-6.466552734E-2,7.219487000E-1,9.122479706E0,9.151230930E0
1.065875313E1,-4.252656555E-1,6.020480347E-1,9.058562622E0,9.088502049E0
1.066876313E1,-4.716691589E-1,5.695655823E-1,8.995843048E0,9.026187949E0
1.067880313E1,-5.303471375E-1,6.728507996E-1,8.903485107E0,8.944609737E0
1.068881313E1,-6.104306030E-1,8.018824768E-1,8.986712036E0,9.043043417E0
1.069885313E1,-7.324269104E-1,8.436456299E-1,9.226663055E0,9.294057148E0
1.070889413E1,-7.170089722E-1,8.717871094E-1,9.171278229E0,9.240479370E0
1.071890313E1,-6.486012268E-1,9.087602234E-1,9.195078735E0,9.262613111E0
1.072894413E1,-7.225474548E-1,8.638536072E-1,9.259893951E0,9.328127029E0
1.073895313E1,-6.460565186E-1,8.885522461E-1,9.179361420E0,9.244868317E0
1.074899413E1,-5.152285767E-1,9.743238831E-1,9.167685699E0,9.233700699E0
1.075900313E1,-5.325924683E-1,9.385482788E-1,9.030570831E0,9.094819248E0
1.076904413E1,-4.537065125E-1,1.057401123E0,8.964258728E0,9.037802901E0
1.077905413E1,-3.830534363E-1,1.172212372E0,9.012159119E0,9.096143345E0
1.078909413E1,-3.098556519E-1,1.238524475E0,8.967252502E0,9.057680213E0
1.079913413E1,-3.203338623E-1,1.259630585E0,8.862171021E0,8.956972602E0
1.080914413E1,-4.584965515E-1,1.317111053E0,8.629255371E0,8.741226966E0
1.081918413E1,-4.448748779E-1,1.143921204E0,8.411009216E0,8.500090906E0
1.082919413E1,-3.668870544E-1,9.181906128E-1,8.225395203E0,8.284612625E0
1.083923413E1,-1.886077881E-1,1.021775208E0,8.269553375E0,8.334573204E0
1.084924413E1,-1.122665405E-2,1.256786499E0,8.451425171E0,8.544368073E0
1.085928413E1,2.993774414E-3,1.473685455E0,8.457861786E0,8.585288800E0
1.086932513E1,-7.185058594E-2,1.575473785E0,8.291258240E0,8.439919630E0
1.087933413E1,-4.251159668E-2,1.459614716E0,8.297245789E0,8.424759346E0
1.088937512E1,-4.326004028E-2,1.250798950E0,8.423882446E0,8.516346923E0
1.089938413E1,-1.463955688E-1,1.074465637E0,8.447682953E0,8.516998024E0
1.090942513E1,-1.380130005E-1,9.951306152E-1,8.445886688E0,8.505429706E0
1.091943413E1,-1.040336609E-1,1.037791901E0,8.520581360E0,8.584179736E0
1.092947513E1,-1.969903564E-1,1.311871948E0,8.561895447E0,8.664056028E0
1.093948413E1,-2.748284912E-1,1.539249115E0,8.510103149E0,8.652553042E0
1.094952513E1,-1.725910950E-1,1.646575928E0,8.577463074E0,8.735781176E0
1.095956513E1,-1.689985657E-1,1.579515381E0,8.582103424E0,8.727882248E0
1.096957513E1,-2.236349487E-1,1.198258209E0,8.412655792E0,8.500506620E0
1.097961513E1,-2.748284912E-1,8.611592102E-1,8.638236694E0,8.685404946E0
1.098962513E1,-3.391946411E-1,1.166224823E0,9.190438385E0,9.270344710E0
1.099966513E1,-3.248245239E-1,1.812131653E0,9.107959900E0,9.292161516E0
1.100967513E1,-3.998185730E-1,2.255359955E0,8.687484283E0,8.984369015E0
1.101971513E1,-3.712280273E-1,2.348616028E0,8.246351624E0,8.582314524E0
1.102972513E1,-2.686912537E-1,2.082319794E0,8.079149323E0,8.347508879E0
1.103976513E1,-2.513273621E-1,1.791324921E0,8.170908508E0,8.368736838E0
1.104980513E1,-1.757345581E-1,1.778751068E0,8.222102051E0,8.414142864E0
1.105981513E1,-7.095245361E-2,1.912722473E0,8.373137970E0,8.589119918E0
1.106985613E1,-8.906478882E-2,2.018851776E0,8.529412994E0,8.765533701E0
1.107986513E1,-1.294807434E-1,1.903890839E0,8.656498718E0,8.864340678E0
1.108990613E1,-6.750961304E-2,1.672172699E0,8.862769775E0,9.019390621E0
1.109991512E1,1.613644409E-1,1.439706116E0,8.868008881E0,8.985564740E0
1.110995613E1,3.164419556E-1,1.425186310E0,8.744665375E0,8.865690275E0
1.111999613E1,2.944377136E-1,1.665586395E0,8.629255371E0,8.793458925E0
1.113000613E1,2.760260010E-1,1.894011383E0,8.523874512E0,8.736126497E0
1.114004613E1,2.335144043E-1,2.089804230E0,8.779393158E0,9.027710392E0
1.115005613E1,2.085163879E-1,2.190095673E0,9.093140717E0,9.355490700E0
1.116009613E1,2.179467773E-1,2.101779327E0,9.176217957E0,9.416366238E0
1.117010613E1,2.478845215E-1,1.945504303E0,9.379794617E0,9.582639552E0
1.118014613E1,2.366578674E-1,1.836530914E0,9.748328247E0,9.922638578E0
1.119015613E1,2.146536255E-1,1.830543365E0,9.928403778E0,1.009802787E1
1.120019613E1,3.447331238E-1,1.935325470E0,9.917326813E0,1.011027679E1
1.121023613E1,5.701643372E-1,1.835183716E0,9.638307037E0,9.828018579E0
1.122024613E1,5.077441406E-1,1.488055573E0,9.219178619E0,9.352292121E0
1.123028613E1,5.631289673E-1,1.458267517E0,9.236692200E0,9.368038278E0
1.124029613E1,7.331753540E-1,1.774859161E0,9.313482513E0,9.509396809E0
1.125033613E1,6.683601379E-1,2.017354889E0,9.311835938E0,9.551267693E0
1.126034613E1,5.158273315E-1,2.134112091E0,9.436676331E0,9.688723983E0
1.127038713E1,2.890489197E-1,2.068099365E0,9.699230347E0,9.921474365E0
1.128039613E1,9.804611206E-2,1.815574493E0,9.812694397E0,9.979724200E0
1.129043713E1,1.935475159E-1,1.640139313E0,9.798923035E0,9.937122835E0
1.130047713E1,4.061054993E-1,1.661844177E0,9.632169800E0,9.782910753E0
1.131048713E1,4.730163574E-1,1.657353516E0,9.533973999E0,9.688509966E0
1.132052713E1,4.580474854E-1,1.664688263E0,9.630223846E0,9.783772577E0
1.133053713E1,3.876937866E-1,1.686243439E0,9.530980225E0,9.686759388E0
1.134057713E1,3.526666260E-1,1.904489594E0,9.483079834E0,9.678856208E0
1.135058713E1,1.335223389E-1,2.117346954E0,9.500593414E0,9.734590981E0
1.136062713E1,-1.167572021E-1,2.044448547E0,9.388626251E0,9.609355077E0
1.137066713E1,-2.493814087E-1,1.908980255E0,9.643396454E0,9.833691670E0
1.138067713E1,-2.826123047E-1,1.767225037E0,9.962532806E0,1.012200642E1
1.139071713E1,-1.374142456E-1,1.639690247E0,1.006626709E1,1.019986274E1
1.140072713E1,9.879455566E-3,1.419049072E0,1.007988876E1,1.017929051E1
1.141076713E1,1.184037781E-1,1.134790192E0,1.021865021E1,1.028214862E1
1.142077713E1,6.316864014E-2,1.036594391E0,9.957293701E0,1.001130441E1
1.143081713E1,-2.514770508E-2,1.076261902E0,9.504485321E0,9.565260755E0
1.144082713E1,-2.201921082E-1,1.263971558E0,9.286538544E0,9.374748359E0
1.145086713E1,-4.147874451E-1,1.372495880E0,9.194479980E0,9.305603456E0
1.146090813E1,-5.465135193E-1,1.517843628E0,9.581724701E0,9.716582452E0
1.147091813E1,-6.191125488E-1,1.765428772E0,9.903256073E0,1.007841852E1
1.148095813E1,-6.551875305E-1,1.861977997E0,9.936337280E0,1.013050005E1
1.149096813E1,-6.143225098E-1,1.678160248E0,1.000100281E1,1.015941293E1
1.150100813E1,-4.709207153E-1,1.245260468E0,9.845625916E0,9.935229722E0
1.151101813E1,-3.688330078E-1,9.478289795E-1,9.805359650E0,9.857966089E0
1.152105813E1,-3.212319946E-1,1.030606842E0,9.366172943E0,9.428177770E0
1.153106813E1,-2.125579834E-1,1.153950348E0,9.107061768E0,9.182339372E0
1.154110813E1,-4.150868225E-1,1.264570312E0,9.380692749E0,9.474641502E0
1.155114813E1,-5.974076843E-1,1.353934479E0,9.565109253E0,9.678912621E0
1.156115813E1,-4.644841003E-1,1.445693665E0,9.472901001E0,9.593832864E0
1.157119813E1,-3.957769775E-1,1.553918610E0,9.301806793E0,9.439010122E0
1.158120813E1,-4.989125061E-1,1.497785339E0,9.161847839E0,9.296866700E0
1.159124813E1,-6.646179199E-1,1.395098877E0,9.357041931E0,9.483788882E0
1.160125813E1,-8.036787415E-1,1.378782806E0,9.615554352E0,9.747093261E0
1.161129813E1,-7.129673767E-1,1.447489929E0,9.480834503E0,9.617160311E0
1.162130813E1,-7.384144592E-1,1.602717133E0,9.397008820E0,9.561262096E0
1.163134813E1,-8.422984314E-1,1.412313080E0,9.550140381E0,9.690679861E0
1.164139004E1,-7.566764832E-1,1.187330933E0,9.840237122E0,9.940451733E0
1.165139904E1,-6.911128235E-1,1.095571747E0,1.010877869E1,1.019143370E1
1.166144004E1,-6.453080750E-1,9.419911194E-1,1.022613464E1,1.028968413E1
1.167145004E1,-6.170169067E-1,8.457412720E-1,1.019065842E1,1.024429144E1
1.168149004E1,-7.113208008E-1,8.613088989E-1,9.962383118E0,1.002481460E1
1.169150004E1,-8.960366821E-1,1.033600616E0,9.757159882E0,9.852582450E0
1.170154004E1,-1.004860382E0,1.262624359E0,9.648934937E0,9.782939746E0
1.171158004E1,-1.017733612E0,1.397344208E0,9.649384003E0,9.803007914E0
1.172159004E1,-9.418414307E-1,1.470092926E0,9.607022095E0,9.764379756E0
1.173163004E1,-8.319699097E-1,1.128503265E0,9.660610657E0,9.761818059E0
1.174164004E1,-6.486012268E-1,6.836283875E-1,9.824819183E0,9.869908982E0
1.175168004E1,-3.653901672E-1,6.728507996E-1,9.809401245E0,9.839237316E0
1.176169004E1,-1.829196167E-1,9.098080444E-1,9.760902100E0,9.804918157E0
1.177173004E1,-2.275268555E-1,1.213975525E0,9.689201202E0,9.767605898E0
1.178174004E1,-4.005670166E-1,1.517244873E0,9.376950531E0,9.507349115E0
1.179178004E1,-5.815406799E-1,1.786534882E0,9.241332550E0,9.430383012E0
1.180182104E1,-8.289761353E-1,1.833537140E0,9.441017303E0,9.653075551E0
1.181183004E1,-9.351054382E-1,1.715732117E0,9.802515564E0,9.995372442E0
1.182187104E1,-8.418493652E-1,1.610650635E0,9.929002533E0,1.009395845E1
1.183188004E1,-6.876699829E-1,1.393601990E0,9.839788055E0,9.961749118E0
1.184192104E1,-5.203179932E-1,1.400936737E0,9.780211945E0,9.893730350E0
1.185193004E1,-5.228627014E-1,1.301393738E0,9.705517273E0,9.806328396E0
1.186197104E1,-3.914360046E-1,1.084345093E0,9.629774780E0,9.698535392E0
1.187198104E1,-1.794767761E-1,8.387059021E-1,9.556576996E0,9.594988451E0
1.188202104E1,-1.257385254E-1,7.240443420E-1,9.583970032E0,9.612103410E0
1.189206104E1,-1.872605896E-1,9.056167603E-1,9.635462952E0,9.679739384E0
1.190207104E1,-3.646417236E-1,1.122815094E0,9.673932953E0,9.745699364E0
1.191211104E1,-4.800517273E-1,1.354832611E0,9.734107819E0,9.839658332E0
1.192212104E1,-4.391867065E-1,1.364412689E0,9.795480194E0,9.899794906E0
1.193216104E1,-2.993774414E-1,1.131047974E0,9.799372101E0,9.868971068E0
1.194217104E1,-1.350192261E-1,1.086590424E0,9.982890472E0,1.004275914E1
1.195221104E1,-1.456471252E-1,1.073268127E0,9.930050354E0,9.988944769E0
1.196222104E1,-2.589614868E-1,1.087787933E0,9.662556610E0,9.727041888E0
1.197226104E1,-3.552113342E-1,1.187031555E0,9.638756104E0,9.718067618E0
1.198230204E1,-4.628375244E-1,1.286574554E0,9.866282959E0,9.960573883E0
1.199231104E1,-5.939648438E-1,1.285077667E0,1.013467484E1,1.023307641E1
1.200235204E1,-5.921685791E-1,1.132095795E0,1.012045441E1,1.020077948E1
1.201236104E1,-4.442761230E-1,1.093326416E0,9.860594788E0,9.930965386E0
1.202240204E1,-4.090992737E-1,1.058598633E0,9.719588013E0,9.785621310E0
1.203241104E1,-4.896318054E-1,1.002764740E0,9.603279877E0,9.667898470E0
1.204245204E1,-6.490502930E-1,1.090632019E0,9.659413147E0,9.742433311E0
1.205249204E1,-8.041278076E-1,1.199006653E0,9.766141205E0,9.872271903E0
1.206250204E1,-9.286688232E-1,1.359472961E0,9.825118561E0,9.962105563E0
1.207254204E1,-9.523196411E-1,1.469344482E0,9.909692688E0,1.006319507E1
1.208255204E1,-9.521699524E-1,1.491947479E0,9.756261749E0,9.915501915E0
1.209259204E1,-9.421408081E-1,1.393152924E0,9.577234039E0,9.723780963E0
1.210260204E1,-9.454339600E-1,1.154399414E0,9.631571045E0,9.746468292E0
1.211264204E1,-9.627978516E-1,9.822573853E-1,9.540709991E0,9.639344190E0
1.212265204E1,-8.806187439E-1,9.904902649E-1,9.420659637E0,9.513431996E0
1.213269204E1,-7.866142273E-1,1.015188904E0,9.262588348E0,9.351198499E0
1.214273204E1,-6.929090881E-1,1.020577698E0,9.273515625E0,9.355201435E0
1.215274204E1,-5.851332092E-1,1.048719177E0,9.417965240E0,9.494222562E0
1.216278304E1,-5.318440247E-1,9.108558655E-1,9.651928711E0,9.709389492E0
1.217279204E1,-4.861889648E-1,7.182064819E-1,9.977501678E0,1.001512556E1
1.218283304E1,-4.803511047E-1,6.897656250E-1,9.898016968E0,9.933642519E0
1.219284204E1,-5.230123901E-1,7.322772217E-1,9.775122528E0,9.816455181E0
1.220288304E1,-6.075865173E-1,9.150471497E-1,9.762398987E0,9.823996470E0
1.221289204E1,-7.397616577E-1,1.066382446E0,9.616452484E0,9.703637319E0
1.222293304E1,-7.653584290E-1,1.069226532E0,9.598040771E0,9.687693510E0
1.223297304E1,-6.403683472E-1,1.069076843E0,9.493408356E0,9.574852434E0
1.224298304E1,-4.635859680E-1,9.184899902E-1,9.348210297E0,9.404656908E0
1.225302304E1,-3.546125793E-1,7.997868347E-1,9.447453918E0,9.487876190E0
1.226303304E1,-3.620970154E-1,7.999365234E-1,9.615254974E0,9.655264932E0
1.227307304E1,-3.495231628E-1,8.183482361E-1,9.740843811E0,9.781405749E0
1.228308304E1,-3.315605164E-1,8.548722839E-1,9.871372375E0,9.913865622E0
1.229312304E1,-3.165916443E-1,8.120613098E-1,1.002016296E1,1.005799879E1
1.230316304E1,-3.113525391E-1,9.095086670E-1,9.958042145E0,1.000433655E1
1.231317304E1,-3.800596619E-1,1.073567505E0,9.695787506E0,9.762442722E0
1.232321304E1,-4.784051514E-1,1.256038055E0,9.410630493E0,9.506127990E0
1.233322304E1,-5.785469055E-1,1.426084442E0,9.438921661E0,9.563559771E0
1.234326304E1,-6.432124329E-1,1.529070282E0,9.705816650E0,9.846555490E0
1.235327304E1,-6.243516541E-1,1.391206970E0,9.855355682E0,9.972627911E0
1.236331404E1,-5.508544922E-1,1.011596375E0,9.884095917E0,9.950985880E0
1.237332304E1,-3.507206726E-1,7.816744995E-1,9.841883698E0,9.879103944E0
1.238336404E1,-1.442999268E-1,8.137078857E-1,9.858199768E0,9.892777449E0
1.239340404E1,-5.373825073E-2,7.390132141E-1,9.917626190E0,9.945267094E0
1.240341404E1,-1.058299255E-1,7.162605286E-1,9.731862488E0,9.758758968E0
1.241345404E1,-2.192939758E-1,8.916957092E-1,9.648186493E0,9.691785887E0
1.242346404E1,-3.245251465E-1,1.052162018E0,9.723779297E0,9.785920769E0
1.243350404E1,-4.707710266E-1,1.128503265E0,9.835447083E0,9.911163620E0
1.244351404E1,-4.945715332E-1,1.113085327E0,9.866582336E0,9.941479113E0
1.245355404E1,-4.507127380E-1,1.037642212E0,9.845625916E0,9.910408317E0
1.246356404E1,-4.507127380E-1,9.333091736E-1,9.884994049E0,9.939180818E0
1.247360404E1,-4.087998962E-1,8.108638000E-1,9.877060547E0,9.918716777E0
1.248364404E1,-3.655398560E-1,8.187973022E-1,9.792935486E0,9.833902269E0
1.249365404E1,-3.158432007E-1,8.834628296E-1,9.645941162E0,9.691462449E0
1.250369404E1,-2.683918762E-1,1.021176453E0,9.544751587E0,9.602974456E0
1.251370404E1,-2.673440552E-1,1.118474121E0,9.491462402E0,9.560874214E0
1.252374404E1,-4.047583008E-1,1.111289062E0,9.422904968E0,9.496837932E0
1.253375404E1,-5.535488892E-1,1.134939880E0,9.513316956E0,9.596754889E0
1.254379404E1,-5.568420410E-1,1.192420349E0,9.550888824E0,9.641131504E0
1.255380404E1,-4.504133606E-1,1.116528168E0,9.601483612E0,9.676672718E0
1.256384504E1,-3.353027344E-1,9.467811584E-1,9.808054047E0,9.859348187E0
1.257388504E1,-3.158432007E-1,7.182064819E-1,9.841434631E0,9.872659879E0
1.258389504E1,-2.779719543E-1,6.340814209E-1,9.749825134E0,9.774375571E0
1.259393504E1,-2.293231201E-1,8.063731384E-1,9.707463226E0,9.743596308E0
1.260394504E1,-3.351530457E-1,9.743238831E-1,9.621541901E0,9.676554301E0
1.261398504E1,-4.628375244E-1,1.119372253E0,9.477990417E0,9.555077978E0
1.262399504E1,-5.409750366E-1,1.185235291E0,9.366921387E0,9.457095376E0
1.263403504E1,-5.628295898E-1,1.191821594E0,9.546098785E0,9.636660100E0
1.264408113E1,-5.441184998E-1,1.115330658E0,9.729018402E0,9.807845150E0
1.265409113E1,-5.251080322E-1,1.054407349E0,9.825867004E0,9.896220273E0
1.266413113E1,-4.529580688E-1,1.148411865E0,9.857002258E0,9.934007970E0