"Time (s)","Linear Acceleration x (m/s^2)","Linear Acceleration y (m/s^2)","Linear Acceleration z (m/s^2)","Absolute acceleration (m/s^2)"
0.000000000E0,-2.832473489E-5,1.804003073E-3,-6.228337169E-2,6.230949862E-2
1.004000002E-2,3.361887474E-3,5.470760032E-3,-7.994664073E-2,8.020409507E-2
2.004999999E-2,-3.288659093E-4,1.437654456E-2,-8.219138682E-2,8.343990205E-2
3.009100002E-2,-9.707920871E-3,2.028167962E-2,-8.653294444E-2,8.940660339E-2
4.009999998E-2,-1.395126354E-2,1.955666599E-2,-6.168461680E-2,6.619737827E-2
5.014100001E-2,-8.457956899E-3,1.528364870E-2,-8.129442394E-2,8.314992673E-2
6.014999998E-2,-1.235008005E-2,1.445849694E-2,-1.453611964E-1,1.465996249E-1
7.019100001E-2,-1.553948038E-2,4.995893030E-3,-3.384309947E-2,3.757379113E-2
8.023099997E-2,-1.623590660E-2,-5.608658390E-3,-8.294099987E-2,8.470106948E-2
9.024100000E-2,-2.210019110E-3,-1.546525043E-2,-9.326952159E-2,9.456882052E-2
1.002810000E-1,3.356553032E-4,-9.056510213E-3,-7.380998790E-2,7.436428818E-2
1.102910000E-1,-2.903096890E-3,-2.280594089E-2,-1.104837245E-1,1.128503092E-1
1.203310000E-1,-1.113669373E-2,-3.868463058E-3,-4.312380016E-2,4.470629814E-2
1.303410000E-1,-1.038810851E-2,-3.497639950E-4,-9.326893687E-2,9.384630903E-2
1.403810000E-1,-2.201174282E-2,2.700225916E-4,-1.449115455E-1,1.465740283E-1
1.504210000E-1,-1.942188767E-2,3.936514598E-3,-6.512745738E-2,6.807563127E-2
1.604310000E-1,2.678113848E-3,7.124270392E-3,-6.329786360E-2,6.375380035E-2
1.704710000E-1,3.493452111E-3,1.538095916E-2,-9.485821009E-2,9.616058513E-2
1.804810000E-1,-2.343945473E-4,2.983002746E-2,-8.138797939E-2,8.668268955E-2
1.905210000E-1,9.535986464E-3,3.436211295E-2,-1.142990327E-1,1.197328640E-1
2.005620000E-1,1.994631896E-2,3.312025114E-2,-9.155570269E-2,9.938437186E-2
2.105710000E-1,1.828368261E-2,3.476195287E-2,-5.833357751E-2,7.032419699E-2
2.206120000E-1,1.978442646E-2,2.754814699E-2,-8.198907316E-2,8.872729033E-2
2.306220000E-1,1.470562403E-2,1.942006042E-2,-7.765570164E-2,8.138674414E-2
2.406620000E-1,8.738053946E-3,7.196917478E-4,-8.514656961E-2,8.559678650E-2
2.506720000E-1,1.319177533E-3,-1.066038319E-2,-9.263802230E-2,9.325871099E-2
2.607120000E-1,-1.599999543E-2,-1.379767934E-2,-6.031812251E-2,6.391128000E-2
2.707520000E-1,-2.668737289E-2,-2.853537626E-2,-1.002967054E-1,1.076378775E-1
2.807620000E-1,-2.108359327E-2,-2.440618677E-2,-8.234341443E-2,8.843425669E-2
2.908020000E-1,-2.421679409E-2,-2.372731590E-2,-9.268187642E-2,9.868824070E-2
3.008120000E-1,-1.917635258E-2,-1.398844019E-2,-8.490391016E-2,8.815941763E-2
3.108520000E-1,-1.846771687E-3,-9.988812204E-3,-4.942943752E-2,5.046242392E-2
3.208620000E-1,1.003062436E-3,3.120951355E-4,-7.666986108E-2,7.667705743E-2
3.309020000E-1,1.441221371E-2,1.366894467E-2,-9.777070820E-2,9.976804767E-2
3.409430000E-1,1.685486635E-2,2.405862919E-2,-8.429287612E-2,8.926473617E-2
3.509520000E-1,2.224747241E-2,1.962501446E-2,-9.940266609E-2,1.037351495E-1
3.609930000E-1,1.024677834E-2,2.490615112E-2,-8.712117434E-2,9.118888006E-2
3.710020000E-1,8.556577843E-3,1.510595273E-2,-7.708618283E-2,7.901698815E-2
3.810430000E-1,7.522274487E-3,9.399166186E-3,-9.788999140E-2,9.862747769E-2
3.910520000E-1,2.451192773E-3,9.708182397E-3,-7.319076777E-2,7.387249581E-2
4.010930000E-1,-1.674255984E-2,4.089419288E-3,-7.618629634E-2,7.811138464E-2
4.111330000E-1,-2.021412829E-2,-1.678539184E-3,-1.004399621E-1,1.024676265E-1
4.211430000E-1,-3.239540197E-2,1.895224205E-3,-9.550608158E-2,1.008685559E-1
4.311830000E-1,-4.392579603E-2,2.509250371E-3,-5.524273932E-2,7.062246202E-2
4.411930000E-1,-3.081283706E-2,1.025415245E-2,-6.991691172E-2,7.709055140E-2
4.512330000E-1,-1.300963227E-2,9.577958509E-3,-8.848065197E-2,8.994339106E-2
4.612730000E-1,-1.866017249E-3,4.390336191E-3,-1.049464113E-1,1.050547776E-1
4.712830000E-1,9.822804955E-3,1.192602673E-2,-7.411111951E-2,7.570452857E-2
4.813230000E-1,1.295620106E-2,5.164489271E-3,-7.725399792E-2,7.850296358E-2
4.913330000E-1,1.673026013E-2,-4.145484036E-3,-9.641298473E-2,9.794156557E-2
5.013730000E-1,7.017880760E-3,-3.529351959E-3,-8.653294444E-2,8.688876480E-2
5.113830000E-1,4.587742246E-3,-4.395603254E-3,-7.829948008E-2,7.855684113E-2
5.214240000E-1,-2.261875462E-3,-1.660773698E-3,-7.231310070E-2,7.236752574E-2
5.314640000E-1,-1.222353580E-2,2.595962752E-3,-7.650555432E-2,7.751937623E-2
5.414740000E-1,-1.466684397E-2,5.194364889E-3,-1.185686696E-1,1.195852296E-1
5.515140000E-1,-1.871753687E-2,1.668107843E-2,-6.902404189E-2,7.343652309E-2
5.615240000E-1,-1.904104778E-2,2.031681773E-2,-8.025128067E-2,8.494470338E-2
5.715640000E-1,-2.052379089E-2,1.865048918E-2,-9.911147475E-2,1.029181770E-1
5.815740000E-1,-5.465689399E-3,1.970359099E-2,-8.908174574E-2,9.139837353E-2
5.916140000E-1,1.842244663E-3,2.126360529E-2,-1.000084376E-1,1.022605612E-1
6.016540000E-1,9.788056277E-3,1.651638337E-2,-6.228688002E-2,6.517861910E-2
6.116640000E-1,6.583811221E-3,4.786370848E-3,-7.620793104E-2,7.664140310E-2
6.217040000E-1,-6.551482514E-3,-9.285798725E-3,-1.143785548E-1,1.149417321E-1
6.317140000E-1,-1.894032492E-3,-6.203493811E-3,-5.166131973E-2,5.206690553E-2
6.417540000E-1,7.559062267E-3,-8.782129618E-3,-1.342930019E-1,1.347919715E-1
6.517950000E-1,4.874732898E-3,4.019974465E-3,-7.277386129E-2,7.304764269E-2
6.618040000E-1,-2.039056574E-3,3.746544044E-3,-8.744686425E-2,8.755083330E-2
6.718450000E-1,-4.972405953E-4,1.740026311E-3,-1.179845327E-1,1.179984106E-1
6.818540000E-1,-4.155282690E-3,8.110969760E-3,-6.529585719E-2,6.592877347E-2
6.918950000E-1,-1.147021343E-2,8.780690655E-4,-8.909811795E-2,8.983769489E-2
7.019040000E-1,-5.816613130E-3,-6.783624399E-3,-7.487710476E-2,7.540843033E-2
7.119450000E-1,-1.368508390E-2,-1.027840469E-2,-9.224099636E-2,9.381539604E-2
7.219850000E-1,-1.186533445E-2,-1.186754087E-2,-9.897640407E-2,1.003890096E-1
7.319950000E-1,-3.249265304E-2,-3.512586895E-3,-8.712936044E-3,3.382345374E-2
7.420350000E-1,-3.474429474E-2,-3.218814558E-3,-9.104173243E-2,9.749935296E-2
7.520450000E-1,-1.819228217E-2,-1.719620442E-2,-1.365494424E-1,1.388251375E-1
7.620993750E-1,-4.183220846E-3,-2.153004189E-3,-1.245772684E-1,1.246660762E-1
7.721093750E-1,-3.623254588E-3,6.944427397E-3,-7.787614167E-2,7.826906469E-2
7.821493750E-1,9.795995699E-3,1.403071830E-2,-8.161894441E-2,8.339349299E-2
7.921893750E-1,7.187701261E-3,2.628820449E-2,-7.278614044E-2,7.772100736E-2
8.021993750E-1,-6.354027637E-3,2.206604427E-2,-7.233532012E-2,7.589257219E-2
8.122403750E-1,5.622626612E-3,2.196237497E-2,-6.769380033E-2,7.138914797E-2
8.222493750E-1,5.227853903E-3,9.725025119E-3,-9.598262966E-2,9.661558759E-2
8.322903750E-1,-2.943827544E-3,2.253416413E-4,-9.822620630E-2,9.827056784E-2
8.422993750E-1,-5.097123522E-3,6.604187968E-3,-6.364577293E-2,6.419018912E-2
8.523403750E-1,-1.637134388E-2,-9.319730848E-4,-5.765588522E-2,5.994239380E-2
8.623803750E-1,-1.603501706E-2,-5.316375266E-3,-8.609323382E-2,8.773500173E-2
8.723903750E-1,-2.042261122E-2,-4.040302676E-3,-6.483275771E-2,6.809327109E-2
8.824303750E-1,-2.196102965E-2,-1.311317139E-2,-7.725516737E-2,8.137937682E-2
8.924403750E-1,-4.113760607E-3,-1.209301041E-2,-1.344385976E-1,1.350440685E-1
9.024803750E-1,-1.938402238E-3,-1.648436530E-2,-1.175255263E-1,1.186917901E-1
9.125203750E-1,-1.946108229E-2,-8.860500581E-3,-8.429579973E-2,8.696564866E-2
9.225303750E-1,-1.984977367E-2,-4.991096486E-3,-8.324797869E-2,8.572718655E-2
9.325703750E-1,-8.683490973E-3,-8.742153849E-3,-8.294743180E-2,8.385764552E-2
9.425803750E-1,-2.445264473E-3,3.195489650E-3,-9.881326675E-2,9.889515741E-2
9.526203750E-1,6.653754541E-3,1.583281646E-2,-7.980104506E-2,8.162816499E-2
9.626303750E-1,7.955566871E-3,1.755793237E-2,-6.018831432E-2,6.319972479E-2
9.726703750E-1,-2.433454125E-3,2.267241424E-2,-8.323394537E-2,8.630092542E-2
9.827113750E-1,-1.086674194E-3,2.308482110E-2,-6.017369628E-2,6.445900674E-2
9.927203750E-1,-1.774820213E-2,1.909315538E-2,-6.300667226E-2,6.818642102E-2
1.002761375E0,-5.350351243E-2,2.532352811E-2,-8.111082137E-2,1.004135064E-1
1.012771375E0,-5.300633008E-2,2.739085689E-2,-1.284118724E-1,1.415963949E-1
1.022811375E0,-8.162971607E-2,4.162939345E-2,-1.683799303E-1,1.916982469E-1
1.032821375E0,-1.091098663E-1,5.436176035E-2,-5.566256940E-2,1.340092741E-1
1.042861375E0,-5.686186074E-2,7.068405271E-2,-3.919213235E-2,9.882069496E-2
1.052901375E0,-4.041528764E-2,5.107247771E-2,-7.540861666E-2,9.964061883E-2
1.062911375E0,6.793523552E-2,6.356328608E-2,-6.776513636E-2,1.150982244E-1
1.072951375E0,9.185980358E-2,8.364407273E-2,-7.898360431E-2,1.472174044E-1
1.082961375E0,4.640930952E-2,7.790805467E-2,-8.421861649E-2,1.237588961E-1
1.093001375E0,2.508412346E-2,8.028514883E-2,-1.077162373E-1,1.366664046E-1
1.103042375E0,2.298065844E-2,1.040609053E-1,-9.783619702E-2,1.446675641E-1
1.113051375E0,4.240399878E-2,1.509493804E-1,-7.852986038E-2,1.753589277E-1
1.123092375E0,3.656644702E-2,1.901106139E-1,-1.047288948E-1,2.201074555E-1
1.133101375E0,4.222831279E-2,1.658610228E-1,-8.601663530E-2,1.915514835E-1
1.143142375E0,-4.931984791E-3,5.951802241E-2,-4.798692942E-2,7.661243280E-2
1.153151375E0,-7.151127384E-2,-3.891625798E-2,-9.203517437E-3,8.193315663E-2
1.163192375E0,-4.732135182E-2,-9.414693285E-3,-5.095906913E-2,7.017673058E-2
1.173232375E0,9.493507356E-3,4.782246277E-2,-1.576853728E-1,1.650508753E-1
1.183242375E0,6.150686145E-3,1.464655253E-1,-1.284937334E-1,1.949374786E-1
1.193282375E0,4.091278519E-2,1.589242151E-1,-5.784007251E-2,1.740006785E-1
1.203292375E0,5.810667814E-2,1.192061074E-1,-8.927762747E-2,1.598654961E-1
1.213332375E0,-1.612124179E-2,1.036183350E-1,-1.129278606E-1,1.541082590E-1
1.223342375E0,3.951092895E-2,1.874577869E-1,-5.604029953E-2,1.996047358E-1
1.233382375E0,6.337596048E-2,1.959928215E-1,-7.788549721E-2,2.202177311E-1
1.243422375E0,-4.462372518E-2,2.137646660E-1,-6.769555449E-2,2.286247961E-1
1.253432375E0,-1.694269108E-2,3.791607986E-1,-7.188099146E-2,3.862859601E-1
1.263472375E0,2.031602744E-2,4.194313037E-1,-1.262197512E-1,4.384823658E-1
1.273482375E0,7.038328199E-2,2.306769698E-1,-7.502796292E-2,2.525764558E-1
1.283522375E0,6.336339810E-2,1.538163433E-1,-9.343967557E-2,1.908018885E-1
1.293563375E0,7.167105814E-2,7.804618601E-2,-1.070671964E-1,1.506364241E-1
1.303573375E0,8.711021994E-2,2.144046072E-1,-1.139634025E-1,2.579635306E-1
1.313613375E0,2.948583660E-2,2.281434626E-1,-9.166796923E-2,2.476325316E-1
1.323623375E0,-2.984153917E-3,1.911472521E-1,-6.188985407E-2,2.009391231E-1
1.333663375E0,3.414877181E-2,6.185287500E-2,-6.385217965E-2,9.523138982E-2
1.343673375E0,-3.218517629E-3,-1.547916589E-1,-8.377949059E-2,1.760392557E-1
1.353713375E0,-1.204848021E-1,-2.674008463E-1,-8.408705413E-2,3.051072480E-1
1.363753375E0,-2.226602910E-1,-4.759436198E-1,-6.013919771E-2,5.288824609E-1
1.373763375E0,-1.443629122E-1,-3.414373407E-1,-4.471307337E-2,3.733890290E-1
1.383803375E0,-6.183728852E-2,-8.369394765E-2,-2.464484453E-2,1.069387464E-1
1.393813375E0,5.394826627E-2,5.203205605E-2,-6.714825511E-2,1.006312002E-1
1.403853375E0,2.716532338E-2,1.898335289E-1,-8.854555607E-2,2.112227237E-1
1.413863375E0,5.032282812E-2,3.385195070E-1,-1.201205206E-1,3.627075724E-1
1.423903375E0,5.509398707E-2,6.905558031E-1,-9.106512129E-2,6.987098975E-1
1.433944375E0,1.368983019E-2,5.703855081E-1,-9.733918369E-2,5.787935348E-1
1.443953375E0,4.859164115E-2,3.934458023E-1,-1.622929788E-1,4.283687172E-1
1.453994375E0,1.547752958E-2,3.111337801E-1,-1.200760818E-1,3.338593243E-1
1.464003375E0,1.083477183E-1,2.283585488E-1,-1.491232949E-1,2.934699507E-1
1.474044375E0,4.552806560E-2,3.259921763E-1,-1.054200357E-1,3.456256468E-1
1.484084375E0,1.949658128E-3,3.035929733E-1,-3.193105996E-2,3.052737905E-1
1.494094375E0,1.686985213E-2,2.143441251E-1,-1.052954900E-1,2.394057979E-1
1.504134375E0,5.089559487E-2,2.809433449E-1,-9.588556588E-2,3.011869293E-1
1.514144375E0,8.744331937E-2,2.005106909E-1,-6.596653283E-2,2.284785651E-1
1.524184375E0,1.909123676E-2,-4.465838363E-2,-1.024993515E-1,1.134238229E-1
1.534194375E0,-7.208687284E-2,-2.083108218E-1,-4.728233993E-2,2.254451937E-1
1.544234375E0,-8.769754535E-2,-7.143500422E-2,-1.348555040E-1,1.760108697E-1
1.554274375E0,-1.122600264E-1,-2.519284056E-2,-1.493963599E-3,1.150618297E-1
1.564284375E0,-6.169054625E-2,1.116536610E-1,-1.122706336E-1,1.699322179E-1
1.574324375E0,-5.355284375E-2,3.143520876E-1,-2.515355229E-2,3.198716043E-1
1.584334375E0,5.190370966E-2,3.474725078E-1,-8.503137946E-2,3.614712633E-1
1.594375375E0,1.542198103E-2,2.873779864E-1,-9.325841188E-2,3.025245048E-1
1.604384375E0,5.269518969E-2,5.891718445E-2,-9.655448735E-2,1.247829582E-1
1.614425375E0,-4.110956227E-2,2.167215481E-1,-1.251421094E-1,2.536114608E-1
1.624465375E0,-8.129177442E-2,1.141285772E-1,-3.339052498E-2,1.440437846E-1
1.634475375E0,-4.007430817E-2,-1.963887510E-1,-1.515001881E-1,2.512504701E-1
1.644515375E0,-1.637150216E-1,-1.659109617E-1,-6.364694238E-2,2.416195124E-1
1.654525375E0,-9.907029756E-2,2.543039740E-2,-1.344602323E-1,1.689413597E-1
1.664565375E0,-1.211924979E-1,1.380490522E-1,-3.911728799E-2,1.878172638E-1
1.674605375E0,4.033186889E-2,3.264441296E-1,-1.319242948E-1,3.543958930E-1
1.684615375E0,6.183086572E-2,1.875815104E-1,-2.220304728E-2,1.987532498E-1
1.694655375E0,1.144011397E-1,-1.749347138E-1,-1.409067875E-1,2.520803396E-1
1.704665375E0,2.129895810E-2,-5.463203784E-1,-6.340135932E-3,5.467721636E-1
1.714705375E0,4.296832361E-2,-5.126388083E-1,-1.033413506E-1,5.247135022E-1
1.724715375E0,-1.999786856E-1,-3.308805217E-1,-8.178617477E-2,3.951738513E-1
1.734755375E0,-8.560926709E-2,-3.315818952E-1,7.572144270E-3,3.425388113E-1
1.744796375E0,-1.419083607E-1,-1.170250320E-1,-1.747498870E-1,2.537131529E-1
1.754805375E0,-5.910284725E-2,-9.681205720E-2,-2.755792737E-3,1.134606336E-1
1.764857417E0,3.537761900E-2,-9.446895911E-2,-1.507920903E-1,1.814227512E-1
1.774867417E0,-1.249148446E-2,-2.431946525E-1,-4.465518594E-2,2.475757699E-1
1.784907417E0,4.412144022E-2,-3.828646443E-1,-8.596868813E-2,3.948704252E-1
1.794917417E0,-1.306192511E-1,-1.267025303E-1,-1.283241642E-1,2.226701844E-1
1.804957417E0,-6.192253453E-2,1.107398325E-1,-1.426662147E-2,1.276763380E-1
1.814997417E0,-9.851338682E-2,2.853777453E-1,-1.266805118E-1,3.274038744E-1
1.825007417E0,-1.900475736E-2,4.250408301E-1,-5.962347329E-2,4.296229121E-1
1.835047417E0,-4.895818848E-3,4.104215484E-1,-1.404588908E-1,4.338185294E-1
1.845057417E0,-5.399369640E-2,2.525783738E-1,-1.058802116E-1,2.791447177E-1
1.855097417E0,2.194210614E-2,1.346961126E-1,-6.965495646E-2,1.532198151E-1
1.865137417E0,-1.604477345E-2,-2.109894678E-1,-8.596751869E-2,2.283952814E-1
1.875147417E0,-2.795276974E-2,-4.482775189E-1,-6.845803142E-2,4.543353314E-1
1.885188417E0,-4.206452223E-2,-4.941894542E-1,-6.950702190E-2,5.008231891E-1
1.895197417E0,-5.941041537E-2,-5.435458746E-1,-5.394348800E-2,5.494375444E-1
1.905238417E0,-8.720732027E-2,-4.420696397E-1,-6.771835864E-2,4.556494915E-1
1.915247417E0,-1.123025466E-1,-2.046245726E-1,-7.086474538E-2,2.439362413E-1
1.925288417E0,-7.090576725E-2,-1.145194088E-1,-9.092478812E-2,1.625104301E-1
1.935328417E0,-2.538840023E-2,-2.587780076E-2,-7.655116260E-2,8.470131011E-2
1.945338417E0,3.311132957E-2,7.122106008E-2,-5.184960008E-2,9.411259519E-2
1.955378417E0,4.902427115E-2,1.979169391E-1,-6.891060591E-2,2.152281709E-1
1.965388417E0,5.597186884E-2,1.618556984E-1,-9.121188641E-2,1.940353716E-1
1.975428417E0,8.976967067E-2,4.932359378E-2,-8.806608438E-2,1.350816268E-1
1.985438417E0,8.502035198E-2,-4.215004232E-3,-1.094698173E-1,1.386717974E-1
1.995478417E0,-1.009565637E-2,1.245729560E-1,-7.818019688E-2,1.474194249E-1
2.005518417E0,-9.024265559E-2,-2.879015498E-2,-2.587112260E-1,2.755070024E-1
2.015528417E0,-2.427717892E-1,3.846052142E-1,-7.892086369E-1,9.108839580E-1
2.025568417E0,6.732998931E-2,9.272274754E-3,1.586504558E0,1.587959702E0
2.035578417E0,-1.795774487E-2,-8.227840070E-1,-4.167795914E-1,9.224972794E-1
2.045618417E0,-3.795159804E-1,-3.401941495E-1,-4.000033450E-1,6.478943701E-1
2.055659417E0,9.385310112E-2,3.414112109E-1,-4.444673270E-1,5.682615809E-1
2.065669417E0,-1.191594393E-1,3.771917488E-1,-1.723332328E-1,4.314757588E-1
2.075709417E0,2.518012058E-1,3.051000017E-1,7.849255514E-1,8.789755284E-1
2.085719417E0,2.126066797E-2,-1.728076429E-1,-6.892142326E-1,7.108662011E-1
2.095759417E0,-1.143140801E-1,-1.959098093E-1,-4.106569719E-1,4.691348536E-1
2.105769417E0,1.462767333E-1,-5.948482119E-2,3.082961994E-1,3.463839968E-1
2.115809417E0,-3.859812833E-2,-1.846266199E-1,9.888928056E-2,2.129692328E-1
2.125849417E0,-9.783066044E-2,-2.915121872E-1,-2.548275054E-1,3.993585493E-1
2.135859417E0,-2.917444952E-2,-3.025943602E-1,-1.721999162E-1,3.493813196E-1
2.145899417E0,-1.120923118E-2,-4.995007725E-2,1.469340974E-1,1.555965490E-1
2.155909417E0,-6.000832971E-3,-2.150080581E-1,-2.550087690E-2,2.165981758E-1
2.165949417E0,-1.338667947E-2,-1.310239333E-1,-2.257814616E-1,2.613881074E-1
2.175990417E0,1.306231432E-2,1.238184368E-1,-1.157596672E-1,1.700056761E-1
2.185999417E0,5.153327028E-2,1.894675846E-1,1.926365197E-2,1.972935170E-1
2.196040417E0,9.875175222E-3,2.029902941E-1,-8.431801915E-2,2.200275140E-1
2.206049417E0,-9.032637128E-3,1.880995920E-1,-1.422487235E-1,2.360036957E-1
2.216090417E0,5.136287876E-2,8.253231604E-2,-9.943833411E-2,1.390600978E-1
2.226099417E0,2.562774778E-2,-2.598545805E-2,-6.157001138E-2,7.157437940E-2
2.236140417E0,-4.324331176E-3,4.455692987E-2,-5.962230384E-2,7.455762171E-2
2.246180417E0,-8.142929362E-2,3.311247161E-1,-6.201439977E-2,3.465834578E-1
2.256190417E0,-1.008282538E-1,2.862432977E-1,-6.545840979E-2,3.104615365E-1
2.266230417E0,-5.579406323E-2,4.002197651E-1,-8.836487710E-2,4.136389602E-1
2.276240417E0,-7.886501547E-2,3.318734520E-1,-9.600484908E-2,3.543679019E-1
2.286280417E0,-2.184248877E-2,1.533067219E-1,-9.077217579E-2,1.794982819E-1
2.296290417E0,6.123504815E-2,3.628198683E-2,-9.347125053E-2,1.174861199E-1
2.306330417E0,1.090316872E-1,-1.773602851E-1,-8.344502985E-2,2.242936748E-1
2.316370417E0,3.925488485E-2,7.729382979E-3,-5.845110655E-2,7.083234574E-2
2.326380417E0,1.590166285E-2,-1.400176453E-1,-9.079030216E-2,1.676325829E-1
2.336420417E0,-4.447162905E-2,-3.044799045E-1,-7.073786080E-2,3.157365721E-1
2.346430417E0,-8.576387113E-2,-3.263538632E-1,-6.789845288E-2,3.441983229E-1
2.356471417E0,-8.537209854E-2,-4.734043933E-1,-6.730262160E-2,4.857260109E-1
2.366511417E0,-8.363997054E-2,-4.724310146E-1,-4.739402175E-2,4.821129551E-1
2.376521417E0,-1.196500207E-3,-5.493936384E-1,-6.924857497E-2,5.537419676E-1
2.386561417E0,5.214366477E-3,-1.361626582E-1,-8.301701367E-2,1.595596555E-1
2.396571417E0,6.194741260E-3,-1.498782710E-1,-5.966381907E-2,1.614361863E-1
2.406611417E0,1.139611641E-1,-2.436757870E-1,-8.376136422E-2,2.817463438E-1
2.416621417E0,1.397476318E-1,-3.015865926E-1,-7.028762519E-2,3.397414071E-1
2.426661417E0,1.165470587E-1,-6.272270223E-1,-7.971684515E-2,6.429243578E-1
2.436701417E0,6.114691508E-3,-5.203678407E-1,-7.312878728E-2,5.255167919E-1
2.446711417E0,-8.430200326E-2,-4.695517725E-1,-4.618130922E-2,4.792894826E-1
2.456751417E0,-4.548094983E-2,-2.469986866E-1,-5.829966366E-2,2.578288556E-1
2.466761417E0,-7.363300456E-2,-1.914124051E-1,-6.084086359E-2,2.139208706E-1
2.476801417E0,-2.094145568E-2,-1.589815909E-1,-8.179553032E-2,1.800116652E-1
2.486811417E0,1.816950087E-2,-1.699944561E-1,-8.403793752E-2,1.905009733E-1
2.496851417E0,1.050135035E-2,3.940515373E-2,-8.433146775E-2,9.367412104E-2
2.506892417E0,3.831197337E-2,-8.852943054E-2,-7.130094767E-2,1.199545435E-1
2.516901417E0,8.724478813E-2,-1.058822673E-1,-9.270175695E-2,1.655787526E-1
2.526942417E0,6.325325117E-2,-2.202464690E-1,-8.177155674E-2,2.433024216E-1
2.536951417E0,5.618265640E-2,-3.109137786E-1,-8.701007724E-2,3.277111871E-1
2.546992417E0,3.945019556E-2,-2.024082951E-1,-7.862809360E-2,2.206984661E-1
2.557032417E0,-8.088709228E-4,-2.870025769E-1,-5.707233310E-2,2.926232811E-1
2.567042417E0,-3.251779607E-2,-6.481059311E-2,-5.647182405E-2,9.190694725E-2
2.577082417E0,-2.552255271E-2,-1.543022287E-1,-7.817902744E-2,1.748500466E-1
2.587092417E0,-6.729077186E-2,-5.687364654E-2,-1.034764212E-1,1.359044863E-1
2.597132417E0,-3.197644212E-2,-1.284636294E-1,-8.626104891E-2,1.580074855E-1
2.607142417E0,2.528391779E-2,-1.145881044E-1,-6.904275298E-2,1.361492266E-1
2.617182417E0,4.119214963E-2,-9.990585554E-2,-5.361779809E-2,1.206351584E-1
2.627222417E0,3.723315979E-2,-5.485124539E-3,-6.259444356E-2,7.303738183E-2
2.637232417E0,2.169816304E-2,6.981945508E-3,-7.605999649E-2,7.940202081E-2
2.647273417E0,2.340309921E-2,-1.842794050E-1,-6.737571180E-2,1.976008368E-1
2.657282417E0,6.975824204E-3,-1.512080009E-1,-5.779154062E-2,1.620258740E-1
2.667323417E0,-4.215692651E-2,-1.469291273E-1,-7.889706552E-2,1.720177951E-1
2.677332417E0,-6.967826310E-2,-3.544310553E-2,-7.365503669E-2,1.074073485E-1
2.687373417E0,-5.781174093E-2,-6.987761660E-2,-7.410176396E-2,1.171159687E-1
2.697413417E0,-2.277418092E-2,-1.790836605E-1,-1.041903663E-1,2.084352494E-1
2.707423417E0,-4.026633896E-2,-7.176459989E-2,-1.049405640E-1,1.333568815E-1
2.717463417E0,-2.995324383E-2,-9.032535715E-2,-7.904733896E-2,1.237107463E-1
2.727473417E0,2.076286892E-2,-1.024092130E-1,-9.371683359E-2,1.403623473E-1
2.737513417E0,3.556442612E-2,-1.873703711E-1,-6.827092052E-2,2.025670332E-1
2.747553417E0,4.139029258E-3,-1.778793351E-1,-6.303123057E-2,1.887620869E-1
2.757563417E0,3.315025467E-2,-1.776452820E-1,-5.390080333E-2,1.885791139E-1
2.767622250E0,4.124295188E-2,-3.395756603E-1,-5.719278574E-2,3.468192972E-1
2.777632250E0,2.833887327E-3,-3.277064703E-1,-6.841476202E-2,3.347837231E-1
2.787672250E0,-3.668446713E-2,-2.169641345E-1,-5.703666508E-2,2.273155669E-1
2.797682250E0,-1.891390624E-2,-1.084217130E-1,-7.215347171E-2,1.316021549E-1
2.807722250E0,-1.463183034E-2,1.273303202E-1,-8.202766478E-2,1.521697693E-1
2.817763250E0,1.092691573E-2,1.219540795E-1,-8.157158196E-2,1.471261975E-1
2.827772250E0,5.699830187E-2,1.338963597E-1,-7.842344105E-2,1.653096417E-1
2.837813250E0,6.018693474E-2,5.155401419E-2,-7.751887679E-2,1.108578358E-1
2.847823250E0,1.068555591E-2,-6.439272732E-2,-7.406609595E-2,9.872381175E-2
2.857863250E0,-3.835636424E-3,-8.740527593E-2,-8.917588592E-2,1.249269106E-1
2.867903250E0,-1.725791995E-3,-1.051253817E-1,-7.195583582E-2,1.274047352E-1
2.877913250E0,2.118236097E-2,-1.496746234E-1,-5.967668295E-2,1.625192044E-1
2.887953250E0,-6.058978506E-3,-8.356085041E-2,-7.629037678E-2,1.133108491E-1
2.897963250E0,-4.997807080E-3,-6.903225540E-2,-6.745757282E-2,9.664861350E-2
2.908003250E0,8.035124978E-3,-1.211649247E-1,-8.991205037E-2,1.510949337E-1
2.918013250E0,3.877311540E-3,-1.084365503E-1,-8.077928424E-2,1.352731006E-1
2.928053250E0,-3.661502687E-2,2.068509182E-2,-6.940118730E-2,8.114837038E-2
2.938094250E0,-6.616720653E-2,-1.495485703E-2,-8.077226758E-2,1.054794112E-1
2.948103250E0,-3.628584234E-2,7.773042723E-2,-6.400303781E-2,1.070283632E-1
2.958144250E0,-3.358868621E-2,2.275753143E-1,-7.836789250E-2,2.430231472E-1
2.968153250E0,-3.626129317E-2,2.539894897E-1,-8.734687686E-2,2.710258644E-1
2.978194250E0,-5.064191250E-3,2.173641754E-1,-7.686691225E-2,2.306108258E-1
2.988203250E0,1.755997889E-2,-7.186619069E-2,-9.617617249E-2,1.213381984E-1
2.998244250E0,1.490227320E-2,-2.744012059E-1,-9.662348449E-2,2.912974379E-1
3.008284250E0,4.213983254E-3,-4.331845397E-1,-5.366282165E-2,4.365160953E-1
3.018294250E0,-2.089100517E-3,-3.100894674E-1,-4.333254576E-2,3.131094883E-1
3.028334250E0,-1.737909436E-2,-2.090890131E-1,-6.548589170E-2,2.197922890E-1
3.038344250E0,-1.174980626E-2,-3.991736982E-2,-8.075706482E-2,9.084689251E-2
3.048384250E0,4.235013587E-2,6.693659961E-2,-8.869582951E-2,1.189159054E-1
3.058424250E0,3.774990748E-2,9.708844777E-3,-7.403159738E-2,8.366597033E-2
3.068434250E0,-2.928737844E-3,-6.031608512E-3,-8.705510080E-2,8.731293364E-2
3.078474250E0,3.015812022E-2,1.417719562E-1,-9.947926462E-2,1.757979632E-1
3.088484250E0,1.696599314E-2,1.204195326E-1,-1.026227278E-1,1.591230122E-1
3.098524250E0,-3.910766750E-2,1.804467744E-1,-7.223708689E-2,1.982640784E-1
3.108534250E0,-3.280871561E-2,-2.058919291E-2,-4.694144726E-2,6.085906798E-2
3.118574250E0,1.159480937E-2,-1.702856657E-1,-7.269024611E-2,1.855142028E-1
3.128615250E0,-1.221067649E-2,-2.397309447E-1,-8.526526809E-2,2.547355343E-1
3.138625250E0,-4.972683239E-2,-3.134557825E-1,-4.514810622E-2,3.205707987E-1
3.148665250E0,-1.705083259E-2,-3.181519738E-1,-4.514869094E-2,3.217915686E-1
3.158675250E0,4.151687566E-3,-2.864277408E-1,-7.628569901E-2,2.964415543E-1
3.168715250E0,-3.184592358E-2,-2.104564941E-1,-8.272055984E-2,2.283610951E-1
3.178725250E0,-2.164629641E-2,-1.209226764E-1,-4.424997389E-2,1.305714976E-1
3.188765250E0,2.385156695E-2,-1.102263191E-1,-6.355747998E-2,1.294538216E-1
3.198805250E0,2.543277055E-2,-1.258535785E-1,-8.076700509E-2,1.516880290E-1
3.208815250E0,7.735313564E-3,-1.279801103E-1,-9.094174504E-2,1.571914270E-1
3.218855250E0,3.847856648E-2,-9.647613466E-2,-7.073025942E-2,1.256623024E-1
3.228865250E0,5.204320230E-2,-7.643849863E-2,-5.905220032E-2,1.097201045E-1
3.238905250E0,1.368287749E-2,-1.064417544E-1,-9.003484190E-2,1.400833358E-1
3.248946250E0,-9.618619499E-3,-1.287230904E-1,-9.751927793E-2,1.617781241E-1
3.258955250E0,-2.323783542E-2,-1.342041790E-1,-7.012916565E-2,1.531954912E-1
3.268996250E0,-2.851554598E-2,-1.406605192E-1,-4.617663145E-2,1.507673682E-1
3.279005250E0,-7.753487898E-3,-8.258416439E-2,-9.617149472E-2,1.270008550E-1
3.289046250E0,6.061050156E-4,-2.615195066E-2,-9.602356017E-2,9.952294205E-2
3.299055250E0,1.616298314E-4,-2.221968443E-2,-4.992645085E-2,5.464788189E-2
3.309096250E0,2.069985832E-2,1.176909751E-2,-8.361518383E-2,8.693960408E-2
3.319136250E0,1.410281492E-2,3.964494439E-2,-9.170012891E-2,1.008936304E-1
3.329146250E0,9.746568454E-3,2.003781418E-2,-6.326278031E-2,6.707226674E-2
3.339186250E0,7.699293802E-3,5.990198348E-5,-4.739986897E-2,4.802114421E-2
3.349196250E0,2.841824465E-3,-1.335456546E-2,-3.977100670E-2,4.204941568E-2
3.359236250E0,2.739810424E-2,-1.119132865E-2,-8.348479092E-2,8.857546087E-2
3.369246250E0,1.034997553E-1,2.080264369E-2,-8.019339323E-2,1.325742420E-1
3.379286250E0,1.512219155E-1,6.894454717E-2,-4.246891201E-2,1.715372461E-1
3.389326250E0,1.901600777E-1,1.230104887E-1,-4.441135705E-2,2.307916898E-1
3.399336250E0,1.996269573E-1,1.582236090E-1,-8.691886067E-2,2.691477678E-1
3.409376250E0,1.405003238E-1,1.292387783E-1,-7.568811357E-2,2.053574770E-1
3.419386250E0,2.685482481E-2,6.758831291E-2,-6.340896070E-2,9.648864158E-2
3.429427250E0,2.822314180E-2,4.273190423E-2,-4.214556098E-2,6.632352285E-2
3.439467250E0,6.226635538E-2,4.712815616E-2,-6.084671080E-2,9.899739557E-2
3.449477250E0,9.383460017E-2,6.523740331E-2,-6.293241262E-2,1.304658558E-1
3.459517250E0,1.709005187E-1,8.583136993E-2,-8.732699633E-2,2.102379977E-1
3.469527250E0,2.497696638E-1,9.874326462E-2,-7.759547532E-2,2.795642593E-1
3.479567250E0,2.561284377E-1,1.041737291E-1,-7.654765427E-2,2.869032691E-1
3.489577250E0,2.615063961E-1,9.109680589E-2,-7.789251387E-2,2.876655470E-1
3.499617250E0,1.698371295E-1,4.189927443E-2,-6.411764324E-2,1.863096131E-1
3.509657250E0,4.625633631E-2,1.546668026E-2,-5.947144568E-2,7.691371593E-2
3.519667250E0,-4.678360441E-2,-2.822143560E-2,-6.051751256E-2,8.153235183E-2
3.529707250E0,-6.850569536E-2,-9.047380334E-2,-9.586159229E-2,1.485529679E-1
3.539717250E0,1.947762717E-1,-6.575052846E-2,-2.036503351E-1,2.893689461E-1
3.549757250E0,1.914598041E-1,3.934569029E-2,2.462847233E-3,1.954763554E-1
3.559767250E0,2.244577251E-1,2.784731430E-2,-3.586097360E-2,2.290038268E-1
3.569807250E0,9.578517649E-2,-1.974643098E-2,-5.980941474E-2,1.146380725E-1
3.579848250E0,-2.167882612E-2,3.608266073E-2,-3.765197575E-2,5.647655430E-2
3.589857250E0,1.698828109E-2,7.335712105E-2,-7.207687318E-2,1.042350447E-1
3.599898250E0,3.102844629E-2,8.354629632E-2,-6.249679506E-2,1.088512632E-1
3.609907250E0,7.556634987E-2,7.736456512E-2,-8.734804630E-2,1.390152163E-1
3.619948250E0,1.977603251E-1,1.952075130E-2,-9.543357611E-2,2.204490267E-1
3.629988250E0,1.609488866E-1,3.520868015E-2,-8.989918649E-2,1.876860650E-1
3.639998250E0,8.015185973E-2,-4.892833570E-2,-7.193946362E-2,1.182945015E-1
3.650038250E0,6.276980064E-2,-6.830470189E-2,-5.188351393E-2,1.062896006E-1
3.660048250E0,1.805302982E-1,-5.635515839E-2,-5.233550370E-2,1.962297057E-1
3.670088250E0,4.010787576E-1,2.248918443E-1,-6.296164870E-2,4.641170980E-1
3.680098250E0,1.863419737E-1,1.060256976E-1,-4.454467356E-2,2.189726186E-1
3.690138250E0,-4.621758754E-1,-2.234567366E-1,-5.830784976E-2,5.166616478E-1
3.700178250E0,-6.712330212E-1,-2.741358520E-1,-7.386670589E-2,7.288076044E-1
3.710188250E0,-6.274303593E-1,-2.541041317E-1,-1.045470464E-1,6.849582837E-1
3.720229250E0,-6.117907750E-1,-2.735152431E-1,-9.286957204E-2,6.765525094E-1
3.730238250E0,-3.982059475E-1,-1.669546166E-1,-7.505953789E-2,4.382644805E-1
3.740279250E0,-2.208884750E-1,-9.868861143E-2,-8.224693537E-2,2.555302698E-1
3.750319250E0,-7.642173814E-4,-7.453797082E-2,-7.417017639E-2,1.051556379E-1
3.760329250E0,8.527155384E-2,-1.453853527E-2,-7.822112739E-2,1.166239756E-1
3.770402875E0,1.914511611E-1,-2.292793756E-2,-8.631250441E-2,2.112559723E-1
3.780412875E0,1.650836903E-1,6.266158604E-2,-4.979371905E-2,1.834625674E-1
3.790452875E0,6.738268734E-2,3.365545410E-2,-5.997372150E-2,9.628064923E-2
3.800462875E0,2.245602615E-2,-9.222931107E-2,-7.494434774E-2,1.209428551E-1
3.810502875E0,5.609836513E-2,-7.418619228E-2,-8.393093348E-2,1.252797641E-1
3.820542875E0,2.046086206E-1,-8.359528502E-2,-8.783453465E-2,2.378397881E-1
3.830552875E0,3.164953845E-1,-2.409172717E-1,-9.128906965E-2,4.080982167E-1
3.840592875E0,2.640852557E-1,-3.076053509E-1,-6.106013417E-2,4.099883098E-1
3.850602875E0,3.934461312E-1,-1.383504762E-1,-5.163851559E-2,4.202466522E-1
3.860642875E0,4.542573202E-1,-6.213831963E-2,-6.780899048E-2,4.634748568E-1
3.870652875E0,3.041364171E-1,1.403136058E-1,-3.727424562E-2,3.370107381E-1
3.880692875E0,2.365056936E-1,-4.500147358E-2,-5.463755250E-2,2.468710957E-1
3.890733875E0,1.219713379E-1,-1.383118572E-1,-6.750610471E-2,1.963778279E-1
3.900742875E0,-2.172288854E-1,-1.566789208E-1,-4.474230945E-2,2.715484251E-1
3.910783875E0,-6.536183571E-1,-2.267358734E-1,-3.648954928E-2,6.927897230E-1
3.920793875E0,-8.996374706E-1,-7.236715090E-2,-7.898886681E-2,9.059932804E-1
3.930833875E0,-5.329736336E-1,2.519021982E-1,-1.349701095E-1,6.047582509E-1
3.940873875E0,-6.124672431E-2,3.305910845E-1,-8.856543660E-2,3.476858683E-1
3.950883875E0,2.770527172E-1,7.172255019E-2,-4.201458335E-2,2.892534486E-1
3.960923875E0,5.505055596E-1,-2.749892714E-1,-7.644357383E-2,6.200960333E-1
3.970933875E0,5.738994654E-1,-2.026857820E-1,-6.895562947E-2,6.125332656E-1
3.980973875E0,4.062232841E-1,-3.190223044E-2,-2.344616532E-2,4.081480510E-1
3.990983875E0,4.153554655E-1,-1.693891049E-1,-4.395176589E-2,4.507156413E-1
4.001023875E0,8.205744904E-2,-3.296960586E-1,-7.404036820E-2,3.477281871E-1
4.011064875E0,-3.784975051E-1,-6.597322058E-3,-7.314515948E-2,3.855568705E-1
4.021073875E0,-2.977644687E-1,3.293620364E-1,-8.107924640E-2,4.513500571E-1
4.031114875E0,7.738210676E-2,5.080716212E-1,-8.077636063E-2,5.202399285E-1
4.041123875E0,5.113474507E-1,3.836987131E-1,-8.466358960E-2,6.448789353E-1
4.051164875E0,1.127311237E0,3.303861031E-1,-7.073552191E-2,1.176855606E0
4.061173875E0,1.443467337E0,4.989456891E-1,-4.198651671E-2,1.527844109E0
4.071214875E0,1.429214749E0,3.486660341E-1,-4.946802914E-2,1.471961239E0
4.081254875E0,1.156089625E0,4.819687644E-2,-8.194814265E-2,1.159992094E0
4.091264875E0,5.630422823E-1,-1.342626329E-1,-5.517081857E-2,5.814523931E-1
4.101304875E0,6.778457835E-1,-1.678613370E-1,-8.917354703E-2,7.039916592E-1
4.111314875E0,1.253942560E0,-7.029705383E-2,-7.422455549E-2,1.258102898E0
4.121354875E0,1.404697666E0,1.153776704E-2,-4.863187730E-2,1.405586608E0
4.131394875E0,1.011003467E0,2.308470690E-1,-2.182765603E-2,1.037253501E0
4.141404875E0,4.780412353E-1,4.077095367E-1,-2.361164153E-2,6.287352373E-1
4.151444875E0,2.348519183E-1,3.286810916E-1,-7.224702716E-2,4.103733866E-1
4.161454875E0,6.158169850E-1,-2.300176780E-2,-6.579988718E-2,6.197493570E-1
4.171494875E0,1.150336769E0,-1.713646780E-1,-5.546376407E-2,1.164352508E0
4.181504875E0,1.509636622E0,-5.711573040E-2,-2.850576103E-2,1.510985611E0
4.191544875E0,2.044626449E0,1.321060976E-1,-3.161881864E-2,2.049133740E0
4.201585875E0,2.530867308E0,4.808837861E-2,2.185455322E-2,2.531418465E0
4.211595875E0,2.374255630E0,-5.730969351E-2,1.678735614E-3,2.374947792E0
4.221635875E0,1.963145060E0,1.746347882E-1,-4.874414384E-2,1.971499893E0
4.231645875E0,1.979821465E0,1.372703584E-1,-4.602811217E-2,1.985108252E0
4.241685875E0,1.345447391E0,9.457072807E-2,-3.536337554E-2,1.349230475E0
4.251725875E0,-2.951067265E-1,7.583774747E-2,-5.057256818E-2,3.088639322E-1
4.261735875E0,-3.037425048E0,4.276754758E-1,-9.136625290E-2,3.068746492E0
4.271775875E0,-5.602168200E0,7.957499901E-1,-1.402706105E-1,5.660139789E0
4.281785875E0,-7.086924189E0,-1.471191892E-1,-2.893751943E-1,7.094355257E0
4.291825875E0,-5.965089088E0,-1.089473101E0,-2.909188592E-1,6.070739102E0
4.301835875E0,-3.113811319E0,-6.458476268E-1,-1.863501781E-1,3.185540218E0
4.311875875E0,-4.947207468E-1,-8.070126959E-2,-1.096206754E-1,5.131062314E-1
4.321916875E0,1.444120910E0,8.087358886E-2,-3.542711020E-2,1.446817480E0
4.331925875E0,2.995035366E0,3.724160354E-1,1.140090108E-2,3.018122020E0
4.341966875E0,3.890915051E0,8.184173063E-1,9.448866606E-2,3.977179267E0
4.351975875E0,3.492655345E0,6.196820676E-1,8.076934397E-2,3.548122167E0
4.362016875E0,1.974217494E0,5.097943937E-1,4.746769667E-2,2.039528921E0
4.372025875E0,-3.837569660E-1,7.354613230E-1,-5.291145444E-2,8.312474893E-1
4.382066875E0,-2.284019644E0,3.951170096E-1,-1.627496463E-1,2.323650282E0
4.392106875E0,-3.243292063E0,-6.511411111E-1,-2.000461113E-1,3.314052896E0
4.402116875E0,-2.738222146E0,-1.028798956E0,-2.499690539E-1,2.935774573E0
4.412156875E0,-7.873156008E-1,-7.791058908E-1,-1.913746905E-1,1.124053431E0
4.422166875E0,1.124953055E0,-4.443588611E-1,-6.853170633E-2,1.211474626E0
4.432206875E0,2.187382565E0,-7.351949092E-2,6.003043950E-2,2.189440854E0
4.442246875E0,2.613317726E0,1.803784899E-1,6.019240737E-2,2.620226911E0
4.452256875E0,1.856885511E0,3.826025794E-1,6.233014941E-2,1.896916862E0
4.462296875E0,-2.241385219E-1,4.633049362E-1,-4.681865573E-3,5.146955030E-1
4.472306875E0,-2.261539585E0,2.933983528E-1,-1.280242020E-1,2.284082766E0
4.482346875E0,-2.652669488E0,-2.815089351E-1,-2.556092781E-1,2.679783348E0
4.492356875E0,-1.539963645E0,-5.893255898E-1,-2.113633972E-1,1.662367939E0
4.502397875E0,7.857045284E-3,-2.352484326E-1,-7.607870758E-2,2.473692139E-1
4.512437875E0,8.365308110E-1,-2.470631339E-3,2.989739835E-2,8.370685493E-1
4.522447875E0,1.020294400E0,2.461550339E-2,2.991435528E-2,1.021029605E0
4.532487875E0,7.597980192E-1,2.103457442E-1,5.403411984E-3,7.883955600E-1
4.542497875E0,2.304870632E-1,6.598038342E-2,-4.145266593E-2,2.433023239E-1
4.552537875E0,4.280545581E-2,-1.793118664E-1,-2.004390442E-1,2.723249216E-1
4.562547875E0,3.657632927E-1,-6.963509420E-2,-6.856094241E-2,3.785927039E-1
4.572587875E0,1.929319685E-1,1.119897936E-1,2.264860511E-2,2.242262644E-1
4.582627875E0,-5.995040939E-1,3.122570668E-1,2.927583933E-2,6.765845912E-1
4.592637875E0,-1.627568676E0,1.563869255E-1,-1.578175199E-1,1.642663397E0
4.602677875E0,-2.133610546E0,-6.492241197E-3,-1.897170049E-1,2.142038434E0
4.612687875E0,-1.802647177E0,-6.711633297E-2,-1.723975521E-1,1.812115438E0
4.622727875E0,-7.881570882E-1,-7.014424964E-2,-1.556786084E-1,8.064413436E-1
4.632768875E0,4.180079453E-1,1.336517085E-1,-5.720506489E-2,4.425673293E-1
4.642777875E0,1.129676948E0,3.482736494E-1,2.723866940E-2,1.182457816E0
4.652818875E0,6.950440527E-1,5.235189783E-1,5.575554013E-2,8.719329310E-1
4.662827875E0,-2.730534227E-1,4.005689535E-1,5.209810674E-2,4.875734518E-1
4.672868875E0,-1.805335434E0,1.151468881E-1,-1.406559420E-1,1.814463813E0
4.682877875E0,-3.331306107E0,-1.457608901E-1,-2.406667185E-1,3.343167224E0
4.692918875E0,-2.755793029E0,-6.190578774E-1,-2.596064347E-1,2.836375042E0
4.702958875E0,-7.492431372E-1,-4.185071513E-1,-2.089438194E-1,8.832729102E-1
4.712968875E0,1.226254532E0,-9.262583451E-3,-1.918588400E-2,1.226439591E0
4.723008875E0,2.065301473E0,8.061247414E-2,6.988007426E-2,2.068055069E0
4.733018875E0,1.032888279E0,2.930170229E-1,8.791873455E-2,1.077240399E0
4.743058875E0,-7.517320045E-1,5.246306436E-1,9.039736927E-2,9.211460271E-1
4.753098875E0,-2.057823322E0,2.495471955E-1,-1.460470748E-1,2.078037626E0
4.763108875E0,-2.716792101E0,-1.482874720E-1,-1.867583138E-1,2.727238010E0
4.773170375E0,-1.770550641E0,-4.185867831E-1,-2.171848851E-1,1.832275563E0
4.783180375E0,-4.332829922E-1,-2.215977240E-1,-1.610896218E-1,5.126300506E-1
4.793221375E0,3.349069144E-1,-3.270826912E-2,-2.443492949E-2,3.373863334E-1
4.803230375E0,7.883790632E-1,-2.114927852E-2,2.570611417E-2,7.890815189E-1
4.813271375E0,1.075376414E0,-8.919086027E-2,-3.849865258E-2,1.079755337E0
4.823311375E0,5.856994755E-1,4.945961463E-2,-1.973669171E-2,5.881153510E-1
4.833321375E0,-3.719295105E-2,3.692559808E-1,2.896827579E-2,3.722532148E-1
4.843361375E0,-7.226869109E-1,2.860432681E-1,-9.179076076E-2,7.826382729E-1
4.853371375E0,-1.037805203E0,1.605049916E-1,-1.494133168E-1,1.060719487E0
4.863411375E0,-6.626956478E-1,6.031463245E-2,-1.525655508E-1,6.827002444E-1
4.873421375E0,-3.312368364E-1,9.208309413E-2,-1.021315616E-1,3.586474507E-1
4.883461375E0,-1.016709472E-1,1.514123702E-1,-7.458591342E-2,1.970424976E-1
4.893501375E0,-1.258127393E-1,1.571938413E-1,-4.748114526E-2,2.068651935E-1
4.903511375E0,-4.162168700E-1,1.054016809E-1,-6.078882337E-2,4.336372658E-1
4.913551375E0,-6.669001613E-1,-2.253945861E-2,-8.100089371E-2,6.721792894E-1
4.923561375E0,-7.266439410E-1,-1.444986407E-1,-1.181564409E-1,7.502347757E-1
4.933601375E0,-6.144272480E-1,-9.313211203E-2,-1.150533235E-1,6.320060923E-1
4.943642375E0,-5.375517111E-1,-5.285447606E-2,-1.065456247E-1,5.505519121E-1
4.953651375E0,-4.276858912E-1,-4.754330391E-2,-7.706864119E-2,4.371672022E-1
4.963692375E0,-3.765390168E-1,-5.355349242E-2,-6.224770367E-2,3.853886147E-1
4.973701375E0,-3.122023953E-1,-3.719113293E-2,-3.874540508E-2,3.167881349E-1
4.983742375E0,-2.195661637E-1,-2.952631029E-2,-6.794523060E-2,2.317275504E-1
4.993752375E0,-1.406104433E-1,-1.955001479E-2,-7.978467286E-2,1.628468418E-1
5.003792375E0,-8.243837686E-2,-8.540424909E-3,-6.153785169E-2,1.032275740E-1
5.013832375E0,-6.133002886E-2,-1.066483713E-2,-5.886333525E-2,8.567381997E-2
5.023842375E0,-4.959246520E-2,-9.040188259E-3,-1.048569489E-1,1.163448208E-1
5.033882375E0,-3.815358920E-2,-2.890397012E-2,-1.165548885E-1,1.260007059E-1
5.043892375E0,-4.234270808E-2,-1.284908281E-2,-1.599856675E-2,4.705271506E-2
5.053932375E0,-1.704695881E-2,-1.918912281E-2,-7.903505981E-2,8.309850731E-2
5.063972375E0,-3.760831806E-2,-2.500325601E-2,-3.997799814E-2,6.031408404E-2
5.073982375E0,-4.266592206E-2,-1.466473691E-2,-6.797739029E-2,8.158652465E-2
5.084023375E0,-4.037644934E-2,9.004972489E-3,-6.303707778E-2,7.539907404E-2
5.094032375E0,-7.867636967E-2,-5.089667751E-3,-3.322329462E-2,8.555503006E-2
5.104073375E0,-8.556217873E-2,1.101786734E-2,-3.558030725E-3,8.634199102E-2
5.114082375E0,-6.997627923E-2,-4.423057758E-3,-5.757110059E-2,9.072306608E-2
5.124123375E0,-7.708288464E-2,-8.713219268E-4,-6.893165588E-2,1.034122985E-1
5.134163375E0,-7.529130690E-2,4.178831438E-3,-9.720996022E-2,1.230285328E-1
5.144173375E0,-7.327945358E-2,-5.904506946E-3,-9.002548635E-2,1.162296421E-1
5.154213375E0,-4.116497378E-2,-2.804402285E-3,-1.120402533E-1,1.193961394E-1
5.164223375E0,-3.162117580E-2,-1.073562498E-3,-9.200184524E-2,9.729024012E-2
5.174263375E0,-3.316437021E-2,-1.573983659E-2,-9.562478006E-2,1.024290802E-1
5.184273375E0,-2.262463152E-2,-1.302750968E-2,-1.065836316E-1,1.097345000E-1
5.194313375E0,-4.270410712E-2,-2.105724882E-2,-8.759655297E-2,9.970057465E-2
5.204353375E0,-6.241989047E-2,-9.458917421E-3,-4.285541296E-2,7.630399901E-2
5.214363375E0,-5.186718741E-2,-1.547162298E-2,-4.795243084E-2,7.231190684E-2
5.224403375E0,-6.347356330E-2,-3.811298531E-2,-3.553411424E-2,8.212287234E-2
5.234413375E0,-6.632768062E-2,-4.923905583E-2,-6.772303641E-2,1.068187975E-1
5.244453375E0,-4.636208869E-2,-1.699947302E-2,-7.970047295E-2,9.375815025E-2
5.254494375E0,-5.743057099E-2,2.519464726E-4,-5.979362726E-2,8.290724831E-2
5.264503375E0,-4.640641332E-2,1.387660305E-2,-6.921641529E-2,8.448092953E-2
5.274544375E0,-5.946671766E-2,3.136317198E-2,-9.162002206E-3,6.785190749E-2
5.284554375E0,-8.824557563E-2,1.657032394E-2,2.591778338E-2,9.345367167E-2
5.294594375E0,-1.081593923E-1,-1.102925114E-2,1.762116909E-2,1.101390218E-1
5.304604375E0,-1.229825225E-1,1.724179443E-3,2.628148019E-2,1.257711805E-1
5.314644375E0,-1.280947249E-1,-7.617743416E-3,4.544222116E-2,1.361296589E-1
5.324684375E0,-6.326951374E-2,3.706842363E-3,2.989096642E-2,7.007311840E-2
5.334694375E0,-6.302640662E-2,1.610511398E-2,3.546277821E-2,7.408988639E-2
5.344734375E0,-5.733379500E-2,9.120203750E-3,-2.983249426E-3,5.813124756E-2
5.354744375E0,3.352946945E-2,1.032961900E-1,-9.982951283E-2,1.475135920E-1
5.364784375E0,1.476332417E-1,3.209796142E-1,-1.054703218E-1,3.687105580E-1
5.374825375E0,-1.379997712E-1,-1.124112591E-1,1.028373206E-1,2.055620162E-1
5.384834375E0,-1.207997661E-1,-1.799920072E-1,2.214282095E-2,2.178990836E-1
5.394875375E0,4.699684963E-2,1.881928368E-1,5.350494683E-2,2.012163687E-1
5.404884375E0,-8.230069321E-2,1.197383594E-1,3.702749312E-2,1.499390345E-1
5.414925375E0,-3.957073957E-2,9.716980630E-2,-5.889724910E-2,1.203191616E-1
5.424934375E0,3.709743313E-1,3.310838952E-1,2.755792737E-3,4.972384685E-1
5.434975375E0,3.302058992E-1,2.380702076E-1,2.601297605E-1,4.830950754E-1
5.445015375E0,5.096919212E-2,3.228664376E-2,4.200885308E-1,4.243991748E-1
5.455025375E0,-1.012567451E-1,-7.878742109E-2,1.605803293E-1,2.055393595E-1
5.465065375E0,-2.487907668E-1,-4.948092956E-2,8.348362148E-2,2.670481663E-1
5.475075375E0,-2.331038567E-1,-4.412637837E-3,1.560189164E-1,2.805330313E-1
5.485115375E0,-1.471559992E-1,-1.034798199E-2,-5.376456320E-2,1.570114553E-1
5.495125375E0,-1.665151070E-1,-2.537685198E-1,-3.988935435E-1,5.012402633E-1
5.505165375E0,-2.835800920E-2,-4.378690730E-1,-3.897327107E-1,5.868774042E-1
5.515205375E0,5.247474052E-3,-6.593047012E-1,-1.063877499E-1,6.678537103E-1
5.525215375E0,-4.872144934E-2,-6.108954567E-1,-9.912726223E-2,6.208004935E-1
5.535255375E0,4.273671448E-2,-1.745397527E-1,-1.165215594E-1,2.141677516E-1
5.545265375E0,-1.645921405E-1,2.742266300E-1,-6.184950829E-2,3.257547835E-1
5.555305375E0,-6.781603637E-1,6.340065765E-1,-1.707293415E-1,9.439355519E-1
5.565346375E0,-8.563633239E-1,4.819166602E-1,-2.681726056E-1,1.018586450E0
5.575356375E0,-3.135682683E-1,-1.461871887E-1,-2.583434361E-1,4.317836079E-1
5.585396375E0,9.419864416E-2,1.558323171E-2,-5.713197470E-2,1.112667255E-1
5.595406375E0,1.138922857E-1,-3.299448576E-2,-6.216350377E-2,1.338820004E-1
5.605446375E0,-1.023437425E-1,-2.988303613E-1,-2.037310266E-1,3.758725285E-1
5.615456375E0,-1.170388552E-1,-5.982641187E-1,-6.946492195E-2,6.135498551E-1
5.625496375E0,6.288161494E-2,-1.027708085E0,-4.653097272E-2,1.030680909E0
5.635536375E0,-2.396875291E-1,-9.526589258E-1,7.232011735E-2,9.850072791E-1
5.645546375E0,-3.420586439E-1,-2.442290250E-1,-4.298989892E-2,4.224926791E-1
5.655586375E0,-1.038359885E-1,5.020177431E-1,1.872863173E-2,5.129858560E-1
5.665596375E0,2.959581359E-1,7.611958692E-1,1.442806309E-1,8.293535253E-1
5.675636375E0,2.170658212E-2,5.933001250E-1,4.481118965E-1,7.438282636E-1
5.685677375E0,-2.147445862E-1,7.339757647E-2,8.487789005E-1,8.785943680E-1
5.695686375E0,-3.981142558E-2,-4.846325091E-1,6.699488264E-1,8.278194541E-1
5.705727375E0,6.620626867E-2,-9.727265699E-1,-5.238994128E-1,1.106820150E0
5.715736375E0,2.545419420E-1,-1.254615866E0,-1.053113360E0,1.657679197E0
5.725777375E0,1.111927725E-1,-8.850382157E-1,-9.382418847E-1,1.294586540E0
5.735786375E0,-3.451561698E-1,-3.175777041E-1,-7.845004588E-1,9.140182436E-1
5.745827375E0,-2.487811920E-1,5.833925662E-1,-2.043438148E-1,6.663297701E-1
5.755867375E0,-1.405213829E-2,1.733121590E0,1.024501764E0,2.013333498E0
5.765898667E0,-1.594394644E-1,2.178130369E0,1.152423055E0,2.469362619E0
5.775938667E0,9.905439131E-3,1.613078399E0,-4.482569075E-1,1.674232449E0
5.785948667E0,3.017206034E-1,7.414281142E-1,-4.084385383E-1,8.986506611E-1
5.795988667E0,4.528834803E-2,7.038450625E-2,-8.999975860E-2,1.229022772E-1
5.805998667E0,2.272952692E-1,-1.942737766E-1,-2.353217787E-1,3.805020094E-1
5.816038667E0,4.858504111E-1,-2.075935511E-1,2.862153590E-2,5.291170917E-1
5.826078667E0,4.286104091E-1,-1.217552559E-1,2.003057277E-1,4.885218620E-1
5.836088667E0,2.947406725E-1,-5.011802025E-2,1.810221952E-1,3.495038128E-1
5.846128667E0,2.244552035E-1,-8.488249473E-2,2.974320728E-1,3.821662128E-1
5.856138667E0,-3.930607997E-2,-1.677983516E-1,3.424410152E-1,3.833628877E-1
5.866179667E0,-4.454644234E-1,-3.642662593E-1,6.117970973E-1,8.398953200E-1
5.876219667E0,-6.454090856E-1,-4.122239526E-1,8.168080795E-1,1.119668216E0
5.886229667E0,-6.243086770E-1,-2.903048285E-1,5.992191517E-1,9.127441095E-1
5.896269667E0,-6.607139533E-1,-3.061947467E-2,4.952299297E-2,6.632744584E-1
5.906279667E0,-2.614047459E-1,-5.736566233E-3,-7.742426884E-1,8.172007648E-1
5.916319667E0,1.824354672E-1,-1.624120427E-1,-1.360623109E0,1.382373182E0
5.926329667E0,3.502579386E-1,-1.793907124E-1,-1.297531652E0,1.355894553E0
5.936369667E0,5.069386867E-1,-2.323780345E-1,-2.195138311E-1,5.993101910E-1
5.946409667E0,4.178018309E-1,-1.768495125E-1,9.003302926E-1,1.008180914E0
5.956419667E0,-2.005134501E-2,-2.753820033E-1,8.263752937E-1,8.712826351E-1
5.966459667E0,-1.060097274E-1,-3.256356424E-1,2.657869416E-1,4.334966346E-1
5.976469667E0,-1.567821242E-1,-1.996988598E-1,1.473545122E-1,2.935534387E-1
5.986509667E0,-2.853398115E-1,5.498987465E-2,1.185394335E-1,3.138380022E-1
5.996519667E0,-2.101608443E-1,5.449945588E-1,-1.637933743E-1,6.066423321E-1
6.006559667E0,-1.849969862E-1,7.020661202E-1,-3.315540844E-1,7.981533894E-1
6.016600667E0,-9.920166805E-2,4.836440739E-1,-3.772401345E-1,6.213394243E-1
6.026609667E0,-1.345566017E-1,2.455929794E-1,-2.541837269E-1,3.781940740E-1
6.036650667E0,-1.510787135E-1,7.921562914E-2,1.753609210E-1,2.446453478E-1
6.046660667E0,-1.935043196E-1,9.976587868E-2,6.205041862E-1,6.575884711E-1
6.056700667E0,-2.628293834E-1,2.555385085E-1,9.876841861E-1,1.053517568E0
6.066740667E0,-1.493489609E-1,3.567246302E-1,1.258490962E0,1.316570194E0
6.076750667E0,-2.163506337E-2,1.774593405E-2,1.126232792E0,1.126580354E0
6.086790667E0,1.819477364E-1,-8.233011201E-1,5.340840930E-1,9.980859339E-1
6.096800667E0,3.703317223E-1,-1.287954351E0,3.980568069E-1,1.398006158E0
6.106840667E0,3.573972793E-1,-8.356923933E-1,4.890114158E-1,1.032107919E0
6.116850667E0,6.835365862E-2,-4.027699186E-2,4.363975847E-1,4.435507983E-1
6.126890667E0,-3.147182329E-1,3.608762995E-1,8.523527187E-1,9.776422795E-1
6.136930667E0,-5.158745478E-1,3.844163857E-1,1.494731339E0,1.627305835E0
6.146940667E0,-4.499992681E-1,2.969960897E-1,1.709061028E0,1.792092525E0
6.156981667E0,-4.258834139E-1,1.993919541E-1,1.717936517E0,1.781134389E0
6.166990667E0,-1.998634041E-1,3.967692866E-1,1.941110120E0,1.991301019E0
6.177031667E0,6.677872935E-2,7.554390661E-1,1.972401495E0,2.113176575E0
6.187071667E0,6.044325292E-2,6.448704839E-1,1.473196628E0,1.609291656E0
6.197081667E0,6.727298353E-2,-1.025850132E-2,6.935505277E-1,6.968810699E-1
6.207121667E0,1.257685289E-1,-5.119711659E-1,2.503561395E-1,5.836183635E-1
6.217131667E0,1.654054882E-1,-2.071982794E-1,1.843089151E-1,3.228929833E-1
6.227171667E0,3.058065281E-1,3.902871729E-1,6.062071592E-1,7.831531331E-1
6.237181667E0,2.936150835E-1,6.337336577E-1,1.054959911E0,1.265214835E0
6.247221667E0,3.178752543E-1,6.500750175E-1,1.533011890E0,1.695219060E0
6.257261667E0,1.860247075E-1,5.753980703E-1,1.991842318E0,2.081615706E0
6.267271667E0,-6.860282309E-2,2.196730947E-1,2.153366972E0,2.165629685E0
6.277311667E0,-2.128698593E-1,-4.954580076E-1,2.134468771E0,2.201533363E0
6.287321667E0,-1.967745211E-1,-8.058639921E-1,2.200455185E0,2.351624971E0
6.297361667E0,-1.150734964E-1,-5.659182719E-1,1.964192004E0,2.047328901E0
6.307371667E0,-1.747952395E-1,-1.429857650E-1,1.703044828E0,1.717952267E0
6.317411667E0,-3.426466911E-1,1.917836667E-1,1.485210902E0,1.536241893E0
6.327452667E0,-4.072500917E-1,1.686476231E-1,1.201038560E0,1.279370267E0
6.337462667E0,-3.658680675E-1,1.111857923E-1,8.489075392E-1,9.310562461E-1
6.347502667E0,-3.547578096E-1,2.162096427E-1,5.228334653E-1,6.677982820E-1
6.357512667E0,-3.353354422E-1,3.248876008E-1,4.903270394E-1,6.770689902E-1
6.367552667E0,-2.385460065E-1,3.553660296E-1,7.503275764E-1,8.638175063E-1
6.377592667E0,-1.551758575E-1,2.242463848E-1,1.008586228E0,1.044802454E0
6.387602667E0,1.460777453E-2,-7.984824305E-2,9.799974364E-1,9.833534992E-1
6.397642667E0,4.192085431E-2,-3.575198881E-1,9.987938958E-1,1.061681249E0
6.407652667E0,4.087587465E-3,-4.297797791E-1,1.163234557E0,1.240097577E0
6.417692667E0,-1.014906154E-1,-3.972639976E-1,1.218144590E0,1.285299681E0
6.427702667E0,-2.617420754E-1,-3.861131380E-1,1.092359871E0,1.187788852E0
6.437742667E0,-4.983645489E-1,-3.774701128E-1,8.739716291E-1,1.074559127E0
6.447783667E0,-8.075163422E-1,-2.791658461E-1,7.825556749E-1,1.158624010E0
6.457792667E0,-9.367780343E-1,-2.607862932E-1,6.895007461E-1,1.192046079E0
6.467833667E0,-6.237177428E-1,-2.835268458E-1,4.620960975E-1,8.264043189E-1
6.477842667E0,-6.017817671E-1,-7.649421620E-2,5.741030216E-2,6.093345576E-1
6.487883667E0,-4.087030517E-1,-1.521452730E-1,-1.866986722E-1,4.743867228E-1
6.497923667E0,-2.722332776E-1,-2.636742147E-1,-4.333301353E-1,5.756822519E-1
6.507933667E0,-2.079402179E-1,-1.682730358E-1,-4.410326725E-1,5.158146635E-1
6.517973667E0,-2.606500896E-1,-1.763161368E-1,-4.163808113E-1,5.219184125E-1
6.527983667E0,-2.939795843E-1,-2.494623744E-1,-4.373664683E-1,5.830479395E-1
6.538023667E0,-2.689111090E-1,-3.248726904E-1,-4.263953376E-1,5.997236308E-1
6.548033667E0,-2.580234472E-1,-3.764997308E-1,-5.116611904E-1,6.856568532E-1
6.558073667E0,-2.118328556E-1,-3.283263483E-1,-5.998377872E-1,7.158747939E-1
6.568113667E0,-1.030940864E-1,-2.856647157E-1,-6.123905897E-1,6.835604983E-1
6.578123667E0,-8.677326500E-2,-1.857682705E-1,-7.072973317E-1,7.364162989E-1
6.588163667E0,-8.261991464E-2,-6.413428953E-2,-8.238949049E-1,8.305071171E-1
6.598173667E0,-8.897463206E-2,-6.952182267E-2,-8.329668599E-1,8.405852477E-1
6.608213667E0,-1.583136927E-1,-2.223105909E-1,-8.058416265E-1,8.508031213E-1
6.618223667E0,-1.642396630E-1,-3.645220384E-1,-9.109856737E-1,9.948597293E-1
6.628264667E0,-1.047938355E-1,-2.810493257E-1,-1.038886499E0,1.081321243E0
6.638304667E0,-1.304448031E-2,-4.059147339E-1,-9.057307810E-1,9.926153219E-1
6.648314667E0,3.184574908E-1,-7.165925773E-1,-7.464309919E-1,1.082626122E0
6.658354667E0,1.843863907E-1,-1.205376281E-1,-9.662482935E-1,9.910415862E-1
6.668364667E0,1.065609371E-1,5.220443470E-1,-1.019609399E0,1.150429859E0
6.678404667E0,7.321052039E-2,6.668136956E-1,-1.001416957E0,1.205336553E0
6.688444667E0,5.627894816E-3,5.734149505E-1,-1.286687406E0,1.408687637E0
6.698454667E0,1.334499065E-1,4.150730085E-1,-1.657512560E0,1.713896836E0
6.708494667E0,4.880768846E-1,3.453516861E-1,-1.922676188E0,2.013497097E0
6.718504667E0,7.451057205E-1,3.692352232E-1,-1.776328567E0,1.961341470E0
6.728544667E0,7.391719660E-1,2.506922448E-1,-1.575496590E0,1.758240968E0
6.738554667E0,6.513000092E-1,3.849053957E-2,-1.589840394E0,1.718506824E0
6.748594667E0,4.216577407E-1,-9.987738691E-2,-1.433009300E0,1.497092648E0
6.758635667E0,1.746798666E-1,-2.635954052E-1,-1.247155550E0,1.286620597E0
6.768658750E0,1.434896488E-1,-2.494349107E-1,-1.255369719E0,1.287928641E0
6.778699750E0,3.903425753E-2,-1.147966307E-1,-1.350675825E0,1.356107343E0
6.788708750E0,3.615154367E-2,-1.088890426E-2,-1.401727281E0,1.402235669E0
6.798749750E0,7.727431700E-2,-4.845821500E-2,-1.119978610E0,1.123686613E0
6.808789750E0,2.434342057E-2,-3.858677743E-1,-7.036551011E-1,8.028804659E-1
6.818799750E0,9.080309294E-2,-7.810902896E-1,-4.723304790E-1,9.173021986E-1
6.828839750E0,1.661756030E-1,-9.349423740E-1,-3.095580286E-1,9.987781269E-1
6.838849750E0,2.821775642E-1,-8.397507995E-1,-1.602137089E-1,9.002633035E-1
6.848889750E0,4.153607646E-1,-6.515124824E-1,-4.900200605E-2,7.742055774E-1
6.858899750E0,2.368681114E-1,-5.042739643E-1,6.054382503E-2,5.604143896E-1
6.868939750E0,5.068183802E-3,-3.965206703E-1,-2.260872710E-1,4.564753910E-1
6.878979750E0,-1.273216590E-2,-1.871250073E-1,-5.625728971E-1,5.930144525E-1
6.888989750E0,-7.446016174E-2,2.206278719E-2,-6.333335620E-1,6.380771764E-1
6.899029750E0,-9.181564797E-2,4.979708120E-2,-6.659966934E-1,6.741375661E-1
6.909039750E0,-2.117934600E-3,-1.159510904E-1,-5.437220585E-1,5.559521724E-1
6.919080750E0,1.604256704E-2,-3.157772002E-1,-3.615093702E-1,4.802724528E-1
6.929089750E0,5.876784291E-2,-2.922431805E-1,-3.097737908E-1,4.299064287E-1
6.939130750E0,1.670305025E-1,-3.542681783E-2,-3.281340480E-1,3.699002590E-1
6.949170750E0,3.241979217E-1,2.458661357E-1,-4.163445586E-1,5.821488131E-1
6.959180750E0,3.788348529E-1,3.291314368E-1,-7.210798037E-1,8.785211618E-1
6.969220750E0,1.340489903E-1,2.061024380E-1,-1.138383306E0,1.164630369E0
6.979230750E0,-2.417257223E-2,1.057791279E-1,-1.178171269E0,1.183157249E0
6.989270750E0,-3.692008708E-2,1.475051511E-1,-9.439885283E-1,9.561564746E-1
6.999310750E0,-2.018621103E-1,1.977436971E-1,-6.863987982E-1,7.422898299E-1
7.009320750E0,-2.192417163E-1,2.076323620E-1,-3.704673046E-1,4.779373931E-1
7.019360750E0,-1.300733953E-1,2.203498368E-1,-2.236437196E-1,3.398376848E-1
7.029370750E0,-1.063093607E-1,2.119785974E-1,-2.003595221E-1,3.104521606E-1
7.039410750E0,-6.249723360E-2,1.168524387E-1,-3.581711948E-1,3.818992032E-1
7.049420750E0,-1.305679601E-2,3.303019032E-3,-5.494423896E-1,5.496074320E-1
7.059460750E0,6.598217413E-3,-1.294458063E-1,-6.277740294E-1,6.410148089E-1
7.069501750E0,3.575652771E-2,-1.685994201E-1,-8.638454211E-1,8.808707086E-1
7.079510750E0,2.251945473E-3,-5.413695775E-2,-7.866370314E-1,7.885009199E-1
7.089551750E0,-1.361655727E-1,5.870180592E-2,-4.337850487E-1,4.584282209E-1
7.099560750E0,-3.361655641E-1,4.046916425E-2,-1.640623462E-1,3.762465856E-1
7.109601750E0,-4.408156677E-1,1.432421654E-3,-1.500395536E-2,4.410732631E-1
7.119641750E0,-3.412294722E-1,-1.653607205E-2,-4.091004431E-2,3.440706702E-1
7.129651750E0,-2.060876007E-1,-1.239799387E-1,-2.028159374E-1,3.146067845E-1
7.139691750E0,-6.928628951E-2,-3.085092939E-1,-3.261056489E-1,4.542284321E-1
7.149701750E0,4.079558507E-2,-3.642974688E-1,-3.002065766E-1,4.738152743E-1
7.159741750E0,4.837964304E-2,-2.939342684E-1,-2.154587871E-1,3.676417181E-1
7.169751750E0,-2.079306431E-2,-3.206442033E-1,-1.566264421E-1,3.574589473E-1
7.179791750E0,-3.806844369E-2,-3.688081571E-1,-1.696832746E-1,4.077512439E-1
7.189831750E0,-1.970000044E-3,-4.466014511E-1,-1.202503288E-1,4.625114902E-1
7.199841750E0,-3.705358632E-2,-4.731645112E-1,-6.851884246E-2,4.795335804E-1
7.209882750E0,-2.044442408E-2,-3.883756085E-1,-4.671632946E-2,3.917090798E-1
7.219891750E0,5.402081743E-2,-3.331324672E-1,-4.366466761E-2,3.402970652E-1
7.229932750E0,7.547600582E-2,-3.153033930E-1,-2.123124003E-1,3.875427879E-1
7.239941750E0,1.020146904E-1,-3.103626785E-1,-5.760460514E-1,6.622394149E-1
7.249982750E0,6.168578625E-2,-3.317394777E-1,-7.205465376E-1,7.956403272E-1
7.260022750E0,-5.861248970E-3,-3.047077632E-1,-5.860670096E-1,6.605722632E-1
7.270032750E0,-8.044453114E-3,-2.401045818E-1,-3.485145181E-1,4.232933885E-1
7.280072750E0,1.284048557E-3,-1.635276183E-1,-4.148687214E-1,4.459360792E-1
7.290082750E0,9.374950491E-2,-6.340428293E-2,-6.004166615E-1,6.109903765E-1
7.300122750E0,1.556682296E-1,4.700978659E-2,-7.282818192E-1,7.462150668E-1
7.310162750E0,7.074469473E-2,1.787024951E-1,-7.884350502E-1,8.115227798E-1
7.320172750E0,6.327498637E-2,2.249210438E-1,-7.555514789E-1,7.908547509E-1
7.330212750E0,1.536757543E-1,1.399045017E-1,-8.040330827E-1,8.304569255E-1
7.340222750E0,1.236805613E-1,1.780692051E-1,-1.031464044E0,1.054003604E0
7.350262750E0,7.227067184E-2,2.249968383E-1,-1.031336575E0,1.058065101E0
7.360272750E0,2.357005320E-2,3.266017851E-1,-8.517305750E-1,9.125071210E-1
7.370312750E0,-3.974973746E-2,3.857973519E-1,-6.928664035E-1,7.940299058E-1
7.380353750E0,-1.639047638E-4,3.167428679E-1,-6.035659719E-1,6.816288973E-1
7.390362750E0,1.356184926E-2,1.639953042E-1,-5.337619114E-1,5.585518433E-1
7.400403750E0,2.848737884E-2,2.185720274E-2,-4.083169162E-1,4.098926349E-1
7.410413750E0,-6.682636589E-4,-7.334758278E-2,-2.359433377E-1,2.470821181E-1
7.420453750E0,-1.000555808E-1,-2.140548341E-1,-1.337690914E-1,2.715230396E-1
7.430493750E0,-1.269672081E-1,-3.036655336E-1,-1.214577788E-1,3.508353178E-1
7.440503750E0,-9.100909766E-2,-2.624945390E-1,-8.671888590E-2,2.910433026E-1
7.450543750E0,-8.673500229E-2,-2.950036876E-1,-6.211146355E-2,3.137004466E-1
7.460553750E0,-9.839000143E-2,-4.539243943E-1,-1.077963442E-1,4.768102347E-1
7.470593750E0,-2.118522976E-2,-4.678143820E-1,-5.225948989E-2,4.712007685E-1
7.480603750E0,7.385797162E-2,-3.908202197E-1,1.167694813E-1,4.145244937E-1
7.490643750E0,3.587924615E-2,-3.973084730E-1,1.137283444E-2,3.990873142E-1
7.500684750E0,-7.016878054E-3,-4.976082116E-1,-1.676607227E-1,5.251412065E-1
7.510693750E0,-7.728579216E-2,-6.039413266E-1,-1.748194689E-1,6.334667049E-1
7.520734750E0,-1.478650472E-1,-7.202931339E-1,-2.588591605E-1,7.795475200E-1
7.530743750E0,-5.776749395E-2,-8.434142263E-1,-2.213703221E-1,8.738932773E-1
7.540784750E0,1.082997529E-2,-9.506793509E-1,-3.435800529E-1,1.010918280E0
7.550824750E0,2.719496146E-2,-1.049806028E0,-5.138310921E-1,1.169125594E0
7.560834750E0,3.195702525E-2,-1.059656760E0,-4.829887837E-1,1.164977195E0
7.570874750E0,5.978708569E-2,-9.853226419E-1,-4.601343566E-1,1.089109191E0
7.580884750E0,5.090781463E-2,-8.157525109E-1,-5.354277831E-1,9.771011593E-1
7.590924750E0,3.086630026E-2,-6.318622564E-1,-5.569063604E-1,8.428210568E-1
7.600934750E0,5.268257249E-2,-6.494722427E-1,-4.448725390E-1,7.889874672E-1
7.610974750E0,6.515873998E-2,-8.781420826E-1,-2.989657974E-1,9.299245812E-1
7.621014750E0,7.918851268E-2,-1.080048924E0,-2.361930138E-1,1.108405900E0
7.631024750E0,6.843933860E-2,-1.161184523E0,-2.602689242E-1,1.191961976E0
7.641064750E0,-2.917861110E-2,-1.261186090E0,-3.997484064E-1,1.323344450E0
7.651074750E0,-1.246352472E-1,-1.332119540E0,-5.544107687E-1,1.448256785E0
7.661114750E0,-1.182068914E-1,-1.236221111E0,-6.452636361E-1,1.399493002E0
7.671124750E0,-4.234632147E-2,-1.076567127E0,-5.978351158E-1,1.232151295E0
7.681164750E0,-1.242295783E-2,-9.104114771E-1,-4.815082687E-1,1.029977476E0
7.691205750E0,7.547783308E-2,-5.320873419E-1,-2.587638509E-1,5.964667411E-1
7.701215750E0,1.315499999E-1,-1.969204091E-1,-1.538472605E-1,2.824040183E-1
7.711255750E0,9.387960546E-3,-2.152883407E-1,-3.009749007E-1,3.701663063E-1
7.721265750E0,-5.033681575E-2,-2.906721798E-1,-5.569496298E-1,6.302515381E-1
7.731305750E0,5.890324250E-2,-5.334224440E-1,-6.115994614E-1,8.136725367E-1
7.741345750E0,1.982253249E-1,-1.002031353E0,-4.544765908E-1,1.117993329E0
7.751355750E0,1.126120379E-1,-8.162515707E-1,-4.667411256E-1,9.469928068E-1
7.761395750E0,7.912611192E-2,-5.923337629E-1,-3.346431684E-1,6.849133365E-1
7.771424875E0,5.794583403E-2,-7.092636041E-1,-7.431518734E-2,7.154965597E-1
7.781464875E0,-1.804087492E-1,-5.961093832E-1,-4.944931805E-2,6.247711169E-1
7.791474875E0,-3.214910994E-1,-2.996930814E-1,-1.557131070E-1,4.662821482E-1
7.801514875E0,-2.504576618E-1,-1.704251401E-1,-2.026872987E-1,3.644940463E-1
7.811555875E0,-1.349158674E-1,-1.950717205E-1,-2.048414129E-1,3.133931586E-1
7.821564875E0,-1.419812134E-1,-1.034561204E-1,-2.366350633E-1,2.947167912E-1
7.831605875E0,-1.750587844E-2,-3.770595286E-2,-8.083249390E-2,9.089602154E-2
7.841614875E0,7.038244145E-2,6.479864286E-2,9.987862945E-2,1.383050715E-1
7.851655875E0,-1.900877732E-2,2.485836658E-1,1.895836884E-1,3.132046414E-1
7.861695875E0,-1.845640730E-1,4.108827110E-1,2.227923650E-1,5.025185938E-1
7.871705875E0,-3.611925242E-1,2.374517549E-1,2.170965922E-1,4.837089060E-1
7.881745875E0,-3.632737675E-1,7.250931133E-2,8.436888993E-2,3.799257033E-1
7.891755875E0,-2.375125294E-1,-6.915436171E-2,-3.063765585E-2,2.492653071E-1
7.901795875E0,5.985833949E-2,-7.001898218E-2,-6.973681748E-2,1.155374501E-1
7.911805875E0,2.939308331E-1,1.248981709E-2,8.491268098E-2,3.062049862E-1
7.921845875E0,3.573120926E-1,1.598622364E-1,3.447249377E-1,5.215967301E-1
7.931885875E0,2.613906212E-1,3.915671284E-1,6.738378096E-1,8.220141523E-1
7.941895875E0,2.665021109E-2,4.168423759E-1,9.313936257E-1,1.020765343E0
7.951935875E0,-1.975422605E-1,2.387559215E-1,9.898295295E-1,1.037202889E0
7.961945875E0,-2.619684906E-1,-1.585975019E-2,8.628858930E-1,9.019152322E-1
7.971985875E0,-2.210826391E-1,-2.235724566E-1,6.445374119E-1,7.171406083E-1
7.981995875E0,-1.035161823E-1,-2.479782414E-1,4.318145370E-1,5.085986656E-1
7.992036875E0,2.271377781E-1,-8.388945479E-2,3.799555814E-1,4.505499470E-1
8.002076875E0,4.153235617E-1,1.460475316E-1,4.165106195E-1,6.060566298E-1
8.012086875E0,4.653628638E-1,2.549620827E-1,3.209653616E-1,6.201508058E-1
8.022126875E0,4.262843501E-1,2.091581929E-1,2.197833878E-1,5.232305748E-1
8.032136875E0,2.678780887E-1,3.620497991E-1,1.083366269E-1,4.632230048E-1
8.042176875E0,4.684774563E-2,4.968132826E-1,1.486414844E-1,5.206845877E-1
8.052216875E0,-1.998591466E-1,3.781452104E-1,9.237080455E-2,4.375726730E-1
8.062226875E0,-2.589902295E-1,3.316914940E-1,-7.032972515E-2,4.266631651E-1
8.072266875E0,-3.315391740E-1,3.609168280E-1,-1.050159931E-2,4.901932927E-1
8.082276875E0,-3.119561910E-1,3.922846549E-1,-1.040319067E-1,5.118852930E-1
8.092316875E0,-8.774021175E-2,5.521847703E-1,-7.048584580E-2,5.635375939E-1
8.102326875E0,8.353716918E-2,7.994479155E-1,1.545986277E-1,8.185329339E-1
8.112366875E0,1.758958864E-1,9.887366118E-1,3.059000105E-1,1.049816301E0
8.122407875E0,7.300367514E-2,1.049562419E0,3.555937421E-1,1.110566395E0
8.132416875E0,-1.193787830E-1,1.007056742E0,1.686272675E-1,1.028031970E0
8.142457875E0,-1.970980183E-1,9.559710080E-1,3.689125299E-2,9.767748776E-1
8.152466875E0,-1.866171583E-1,8.037713467E-1,1.093832785E-1,8.323695353E-1
8.162507875E0,-1.447514780E-1,6.298316646E-1,-5.881714225E-2,6.489224702E-1
8.172547875E0,3.361474743E-2,6.648083930E-1,-3.861431050E-1,7.695496398E-1
8.182557875E0,7.011268381E-2,7.569021857E-1,-3.114905334E-1,8.214883197E-1
8.192597875E0,-1.582808387E-2,7.140060615E-1,-1.702650726E-1,7.341970982E-1
8.202607875E0,-1.335929257E-1,7.073014247E-1,-1.568240780E-1,7.366927220E-1
8.212647875E0,-1.628047198E-1,7.964835233E-1,-3.426468372E-4,8.129523339E-1
8.222657875E0,-2.212867800E-1,7.566201306E-1,1.077454734E-1,7.956449887E-1
8.232697875E0,-2.395569900E-1,7.373188372E-1,3.476754427E-2,7.760382731E-1
8.242737875E0,-1.540509811E-1,8.146890485E-1,2.766025364E-2,8.295872710E-1
8.252747875E0,-8.430223167E-2,8.816618872E-1,-4.926162243E-2,8.870520035E-1
8.262787875E0,-6.751289296E-2,8.778579810E-1,-3.597628069E-1,9.511161353E-1
8.272797875E0,-1.039345506E-1,8.944738676E-1,-4.628305078E-1,1.012471219E0
8.282838875E0,-1.447081264E-1,8.210386862E-1,-2.624429190E-1,8.740258874E-1
8.292847875E0,-1.543406558E-1,6.659931120E-1,-8.807660937E-2,6.892933717E-1
8.302888875E0,-1.142034673E-1,6.139386401E-1,1.301999509E-2,6.246059606E-1
8.312928875E0,-6.048743594E-3,6.402962802E-1,-1.802813530E-2,6.405785880E-1
8.322938875E0,7.903476745E-2,6.112138010E-1,-4.132227302E-2,6.176862758E-1
8.332978875E0,1.012587002E-1,5.299330815E-1,-2.999680102E-1,6.173031689E-1
8.342988875E0,1.607355363E-1,5.607150174E-1,-6.585993809E-1,8.797672350E-1
8.353028875E0,2.592114918E-1,6.514659239E-1,-8.351332533E-1,1.090433858E0
8.363068875E0,2.029955200E-1,6.558643457E-1,-8.252479506E-1,1.073498673E0
8.373078875E0,4.562975233E-2,4.895360938E-1,-7.892858201E-1,9.298923418E-1
8.383118875E0,-6.141217310E-2,3.312061751E-1,-7.830784160E-1,8.524557414E-1
8.393128875E0,-3.292329591E-2,4.127285673E-1,-9.088935399E-1,9.987573682E-1
8.403168875E0,4.364665087E-2,5.709218439E-1,-1.203066375E0,1.332375879E0
8.413178875E0,1.376830348E-1,6.745877881E-1,-1.256078401E0,1.432395983E0
8.423218875E0,7.895581177E-2,6.269573195E-1,-1.212206742E0,1.367024026E0
8.433259875E0,-8.936190046E-3,4.652627302E-1,-1.267407966E0,1.350137851E0
8.443268875E0,-2.801285902E-2,3.886808332E-1,-1.322872315E0,1.379075296E0
8.453309875E0,-8.274281580E-2,3.479928734E-1,-1.310140003E0,1.358091396E0
8.463318875E0,-1.247621135E-1,2.822949471E-1,-1.305376276E0,1.341366186E0
8.473359875E0,-9.729236942E-2,3.168715797E-1,-1.063386333E0,1.113850931E0
8.483399875E0,-1.319586838E-1,3.013270493E-1,-1.027788484E0,1.079147929E0
8.493409875E0,-1.644396195E-1,1.844871821E-1,-1.222946323E0,1.247667271E0
8.503449875E0,-1.842087085E-1,1.304400157E-1,-1.310753376E0,1.330045811E0
8.513459875E0,-1.903120505E-1,1.073243642E-1,-1.291796118E0,1.310142895E0
8.523499875E0,-1.745264320E-1,5.546533551E-2,-1.240745832E0,1.254187426E0
8.533509875E0,-5.435070089E-2,7.164469086E-2,-1.316287766E0,1.319356071E0
8.543549875E0,3.866469523E-2,1.093362815E-1,-1.391594056E0,1.396418060E0
8.553589875E0,5.136289246E-2,1.107350817E-1,-1.327253049E0,1.332854479E0
8.563599875E0,-1.346942671E-3,5.244952440E-2,-1.395107648E0,1.396093878E0
8.573640875E0,1.404450037E-2,-1.745762978E-2,-1.423851975E0,1.424028253E0
8.583649875E0,1.052488768E-2,-5.236499559E-2,-1.332436606E0,1.333506721E0
8.593690875E0,4.691610323E-2,2.068269812E-3,-1.309582179E0,1.310423932E0
8.603730875E0,8.900858246E-2,4.510096304E-2,-1.372395893E0,1.376018572E0
8.613740875E0,1.707598567E-1,1.889575247E-2,-1.326261946E0,1.337343160E0
8.623780875E0,2.123101894E-1,-7.998771742E-3,-1.304798571E0,1.321982946E0
8.633790875E0,1.087380565E-1,-4.846694928E-2,-1.241122393E0,1.246819075E0
8.643830875E0,-1.198505985E-1,-5.244513899E-2,-1.053064828E0,1.061159833E0
8.653840875E0,-4.293709856E-1,-2.461641245E-3,-6.488912487E-1,7.780908402E-1
8.663880875E0,-5.773885356E-1,-2.556921624E-2,-4.644373226E-1,7.414400397E-1
8.673920875E0,-5.133922586E-1,-2.869579554E-2,-4.715621549E-1,6.976861227E-1
8.683930875E0,-2.656181764E-1,-1.993239071E-2,-5.409200728E-1,6.029467978E-1
8.693970875E0,5.793947518E-2,-6.026893280E-2,-5.677763343E-1,5.738983297E-1
8.703980875E0,1.210373275E-1,-8.446039885E-2,-7.276865727E-1,7.425034287E-1
8.714020875E0,-1.503460939E-1,3.370327793E-2,-1.093913476E0,1.104711072E0
8.724030875E0,-3.095363939E-1,2.094518328E-1,-1.247334475E0,1.302123704E0
8.734070875E0,-3.533416870E-1,1.972002715E-1,-1.175609019E0,1.243299988E0
8.744111875E0,-3.710395277E-1,-2.391251732E-2,-9.366578740E-1,1.007754986E0
8.754120875E0,-3.907175280E-1,-1.772519837E-1,-8.936159348E-1,9.912758907E-1
8.764161875E0,-3.437183395E-1,-7.955706999E-2,-1.010117614E0,1.069957578E0
8.774206792E0,-1.295262055E-1,1.712834017E-1,-1.116817020E0,1.137275384E0
8.784246792E0,2.424332354E-2,3.623609441E-1,-1.161966296E0,1.217398400E0
8.794286792E0,1.628427632E-2,4.859622756E-1,-1.119796761E0,1.220806822E0
8.804296792E0,-6.919046827E-2,4.166884480E-1,-8.052826327E-1,9.093386070E-1
8.814336792E0,-2.361270499E-1,1.697377634E-1,-5.041241294E-1,5.819862798E-1
8.824346792E0,-2.963522382E-1,2.488819834E-2,-2.940056044E-1,4.181905868E-1
8.834386792E0,-2.019799866E-1,-7.687261328E-4,-2.158160520E-1,2.955893675E-1
8.844396792E0,4.769572894E-2,5.071290135E-3,-2.686111468E-1,2.728599434E-1
8.854436792E0,2.440053507E-1,-3.244839236E-3,-2.512080789E-1,3.502208432E-1
8.864477792E0,3.174943813E-1,-3.780579407E-2,-1.923201853E-1,3.731206425E-1
8.874486792E0,2.862437545E-1,-5.167305071E-2,-3.834411067E-1,4.812823220E-1
8.884527792E0,1.780589908E-1,5.928234307E-2,-4.481370395E-1,4.858458671E-1
8.894536792E0,1.788841974E-1,2.406835110E-1,1.226552886E-1,3.239944881E-1
8.904577792E0,3.717514445E-2,3.286251776E-1,6.509026909E-1,7.301032884E-1
8.914617792E0,-1.750597894E-2,2.583431072E-1,7.009139264E-1,7.472134585E-1
8.924627792E0,1.143699485E-1,8.359053416E-2,5.426555264E-1,5.608412278E-1
8.934667792E0,1.343570746E-1,-1.358410522E-1,1.358319890E-1,2.344247090E-1
8.944677792E0,1.868629424E-1,-2.636730087E-1,-1.377609855E-1,3.513108366E-1
8.954717792E0,-9.561960893E-3,-2.949897821E-1,-4.015610433E-1,4.983589812E-1
8.964727792E0,-3.083547447E-1,-2.496066544E-1,-7.410427827E-1,8.405537081E-1
8.974767792E0,-1.592400013E-1,-1.589600293E-1,-6.295042205E-1,6.685067184E-1
8.984807792E0,-8.547245138E-2,-4.925010159E-2,-3.132055217E-1,3.283729759E-1
8.994817792E0,-9.576752521E-2,-1.026900804E-2,-2.301241887E-1,2.494674600E-1
9.004857792E0,-1.072031076E-1,2.404667437E-2,-2.502105439E-1,2.732692172E-1
9.014867792E0,-1.389777911E-1,1.263011920E-1,-1.149831569E-1,2.201997818E-1
9.024907792E0,-1.685106155E-1,8.999438647E-2,5.156367123E-2,1.978727605E-1
9.034917792E0,-2.543408526E-1,-1.379462691E-1,-2.481318587E-1,3.811664489E-1
9.044957792E0,-2.777495774E-1,-3.376889831E-1,-5.481600952E-1,7.011834047E-1
9.054998792E0,-6.862313303E-2,-4.214070414E-1,-5.218154651E-1,6.742287509E-1
9.065008792E0,1.372717654E-1,-4.572391443E-1,-3.232334965E-1,5.765336642E-1
9.075048792E0,2.515150211E-1,-4.846663864E-1,-1.385562068E-1,5.633463716E-1
9.085058792E0,3.854132263E-1,-2.975472812E-1,-7.968527019E-2,4.933837065E-1
9.095098792E0,3.355777728E-1,2.701298514E-2,1.726267630E-1,3.783413039E-1
9.105138792E0,2.860560954E-1,1.234433105E-1,7.950213540E-1,8.538883381E-1
9.115148792E0,1.923894748E-1,-8.115092961E-2,9.314708090E-1,9.545873723E-1
9.125188792E0,1.909559933E-2,-1.885428474E-1,6.663136125E-1,6.927386790E-1
9.135198792E0,1.560190077E-1,-1.173447377E-1,4.118708539E-1,4.557952594E-1
9.145238792E0,1.878227811E-1,-3.558159546E-2,6.835161209E-2,2.030157381E-1
9.155248792E0,1.446443826E-1,-1.084663894E-1,-1.872003633E-1,2.602516687E-1
9.165288792E0,7.438637719E-2,-2.424089329E-1,-1.948163617E-1,3.197637232E-1
9.175329792E0,-2.422025262E-1,-2.650391559E-1,4.661511415E-1,5.883916252E-1
9.185338792E0,-4.719746029E-1,-1.521563553E-1,1.583189771E0,1.659036297E0
9.195379792E0,-4.079410134E-1,5.971789668E-2,2.487645274E0,2.521579090E0
9.205388792E0,-3.781505460E-1,1.604955812E-1,2.561007366E0,2.593745437E0
9.215429792E0,-1.454838052E-1,1.483836953E-2,1.934526740E0,1.940046243E0
9.225469792E0,3.610184234E-2,-2.335916789E-1,1.147969231E0,1.172050242E0
9.235479792E0,-1.542817451E-1,-3.009269901E-1,7.881549686E-1,8.576410466E-1
9.245519792E0,-8.319257632E-2,-1.820511407E-1,8.980083632E-1,9.200449136E-1
9.255529792E0,1.431402046E-2,-1.341827819E-1,1.593355156E0,1.599059274E0
9.265569792E0,1.571388409E-1,-2.162686813E-1,2.521974862E0,2.536103697E0
9.275579792E0,3.951627641E-1,-3.502927661E-1,2.883464352E0,2.931420356E0
9.285619792E0,1.866697833E-1,-4.911919522E-1,2.390160495E0,2.447239738E0
9.295659792E0,5.191724505E-3,-5.434681797E-1,1.482101938E0,1.578610392E0
9.305669792E0,2.287445747E-1,-5.854786700E-1,7.126715076E-1,9.502683996E-1
9.315709792E0,1.802949843E-1,-5.073307425E-1,6.048196149E-1,8.097515237E-1
9.325719792E0,9.710408907E-2,-2.951719229E-1,9.946137214E-1,1.042023091E0
9.335759792E0,-7.351689622E-1,-2.152651529E-1,2.441439407E0,2.558796371E0
9.345800792E0,-2.200187967E0,-1.887077755E-1,6.422786910E0,6.791806049E0
9.355810792E0,-1.659162790E0,1.093610737E0,6.058958534E0,6.376502499E0
9.365850792E0,-5.481411283E-1,1.850523009E0,3.158759451E0,3.701709790E0
9.375860792E0,2.760464297E-1,8.251938638E-1,8.550991559E-1,1.219975865E0
9.385900792E0,8.947666669E-1,-6.224801796E-1,-9.190472299E-1,1.425740780E0
9.395910792E0,1.176445317E0,-9.564901677E-1,-1.571543872E0,2.183723235E0
9.405950792E0,1.352045536E0,-3.494775911E-1,-1.336427915E0,1.932925578E0
9.415990792E0,4.848492216E-1,3.226511870E-1,-1.878301084E-2,5.826966257E-1
9.426000792E0,-8.632642078E-1,4.122678798E-1,8.591161931E-1,1.285795680E0
9.436040792E0,-1.542672075E0,2.503059083E-1,8.365763462E-1,1.772667527E0
9.446050792E0,-1.147398543E0,2.461111706E-1,3.165799499E-1,1.215449295E0
9.456090792E0,1.744661874E-1,3.361579262E-1,-4.604471827E-1,5.961981297E-1
9.466100792E0,8.122074902E-1,1.143228235E-1,-7.344705123E-1,1.100998478E0
9.476140792E0,6.996212532E-1,-3.138754664E-1,-7.539604515E-1,1.075380895E0
9.486181792E0,5.579166131E-1,-4.950717990E-1,-9.209469903E-1,1.185120413E0
9.496190792E0,-3.572307067E-1,-3.577097764E-1,3.485484320E-1,6.140489161E-1
9.506231792E0,-1.124030511E0,1.359393220E-1,1.343473225E0,1.756941774E0
9.516240792E0,-1.008037467E0,4.581546721E-1,1.068765771E0,1.538929989E0
9.526281792E0,-7.875547154E-2,3.228971720E-1,4.072690952E-1,5.256739711E-1
9.536321792E0,3.031375300E-1,3.608601831E-2,1.945982605E-1,3.620263054E-1
9.546331792E0,-3.717891773E-2,-8.724802237E-2,1.364184648E-1,1.661459806E-1
9.556371792E0,-1.288073817E-1,-4.274223279E-2,1.937814045E-1,2.365786820E-1
9.566381792E0,1.100555804E-1,-1.291292161E-1,8.420867622E-2,1.894140607E-1
9.576421792E0,2.133518160E-1,-3.279323921E-1,-3.928568780E-2,3.931946293E-1
9.586431792E0,1.873735688E-1,-3.525826819E-1,-3.437811971E-2,4.007558570E-1
9.596471792E0,9.694685379E-2,-2.877312862E-1,-9.604928792E-2,3.184547868E-1
9.606511792E0,6.627738543E-2,-7.526430007E-2,-3.637763357E-1,3.773468287E-1
9.616521792E0,-6.745631201E-2,4.807745162E-2,4.305480301E-2,9.335690359E-2
9.626561792E0,-3.999299625E-1,9.418804608E-2,4.533252740E-1,6.118162853E-1
9.636571792E0,-2.573339509E-2,2.124018262E-1,-1.911057186E-1,2.868765224E-1
9.646612792E0,-5.691222902E-2,-1.096792938E-1,-2.804143363E-1,3.064322916E-1
9.656652792E0,-1.066519892E-1,-1.147847901E-1,-3.104520679E-2,1.597310230E-1
9.666662792E0,-4.235850926E-2,1.907049651E-1,1.418212920E-1,2.414040304E-1
9.676702792E0,6.117477614E-2,2.426420176E-1,1.546962762E-1,2.941911620E-1
9.686712792E0,2.887490306E-2,7.493035097E-2,2.009126687E-1,2.163659353E-1
9.696752792E0,-8.107621316E-2,4.146494508E-2,6.712837458E-2,1.131322796E-1
9.706762792E0,-6.344228983E-2,-7.267822277E-2,-1.214361441E-1,1.550928280E-1
9.716802792E0,-1.025199995E-1,-7.816784464E-2,-1.176974344E-1,1.745658853E-1
9.726842792E0,-1.225357496E-1,-7.488339052E-2,-2.407257754E-1,2.803059597E-1
9.736852792E0,7.024388071E-2,-6.656554352E-2,-4.904065615E-1,4.998637514E-1
9.746892792E0,-1.409305053E-2,-1.099766247E-2,-1.649663258E-1,1.659320683E-1
9.756902792E0,-4.625854363E-1,-8.063832980E-2,3.049609476E-1,5.599008892E-1
9.766942792E0,-1.923948287E-1,-2.343702905E-2,-1.073899627E-1,2.215799371E-1
9.776995000E0,-6.022602886E-2,-1.125419444E-1,-1.699826521E-1,2.125722602E-1
9.787004000E0,-1.054494363E-1,-2.176808752E-2,1.510394275E-2,1.087270083E-1
9.797045000E0,-1.195574885E-1,2.149530395E-1,6.407963634E-2,2.541751405E-1
9.807054000E0,-1.940955462E-1,1.818834170E-1,4.966624975E-2,2.705945210E-1
9.817095000E0,-2.579499551E-1,-8.064856242E-2,-1.316740340E-1,3.006333667E-1
9.827104000E0,-3.085922878E-1,-3.040884700E-1,-3.700977606E-1,5.697993946E-1
9.837145000E0,-1.198820090E-1,-2.243266743E-1,-2.255937660E-1,3.399804408E-1
9.847185000E0,-1.649881980E-1,-9.951522499E-2,-1.495530653E-1,2.439067544E-1
9.857195000E0,-2.240188002E-1,-5.572144356E-2,-1.979539776E-1,3.040971544E-1
9.867235000E0,-3.260667649E-1,4.958438873E-4,-9.175509274E-2,3.387311295E-1
9.877245000E0,-2.833734294E-1,6.629032239E-2,1.043318689E-1,3.091602274E-1
9.887285000E0,-3.727803169E-1,1.658884317E-2,2.008705688E-1,4.237798247E-1
9.897295000E0,-3.695595974E-1,-1.567107516E-1,-1.365108508E-1,4.239902925E-1
9.907335000E0,-3.886888731E-1,-1.360086115E-1,-2.704155976E-1,4.926479249E-1
9.917375000E0,-5.403995244E-1,-1.599690394E-1,-3.426450831E-1,6.595660638E-1
9.927385000E0,-9.145033586E-1,-2.584267955E-1,1.320225281E-1,9.594429370E-1
9.937426000E0,-7.221597844E-1,-9.361428805E-3,-1.228242731E-1,7.325900577E-1
9.947435000E0,-4.699838452E-1,1.794331778E-1,-2.336804652E-1,5.546959887E-1
9.957476000E0,-3.759404081E-1,2.304329216E-2,2.892559111E-2,3.777550444E-1
9.967516000E0,-4.594568105E-1,-2.143070318E-1,1.382895738E-1,5.255017324E-1
9.977526000E0,-5.870538734E-1,-2.391170236E-1,7.627283514E-2,6.384565346E-1
9.987566000E0,-7.880509613E-1,-1.552222698E-1,1.638717270E-1,8.197391131E-1
9.997576000E0,-9.425553026E-1,-6.015264630E-2,3.787077856E-1,1.017569863E0
1.000761600E1,-9.990869144E-1,4.859339532E-2,1.776173615E-1,1.015915305E0
1.001762600E1,-8.826317941E-1,-1.871275472E-1,-2.474834025E-1,9.355766336E-1
1.002766600E1,-9.641883194E-1,-1.915043891E-1,-3.588652593E-1,1.046478533E0
1.003770600E1,-9.313875592E-1,5.481583776E-2,-2.673943412E-1,9.705602997E-1
1.004771600E1,-8.995645266E-1,9.021142781E-2,-1.397075236E-1,9.148074286E-1
1.005775600E1,-1.001117726E0,2.447673708E-2,-1.727261657E-1,1.016203788E0
1.006776600E1,-1.091255625E0,1.625409007E-2,-2.318602270E-1,1.115733928E0
1.007780600E1,-1.145084800E0,1.297345308E-1,-3.248479128E-2,1.152868383E0
1.008784700E1,-1.133413830E0,2.654399277E-1,1.194989616E-1,1.170198815E0
1.009785600E1,-1.063210551E0,2.273300236E-1,7.512795031E-2,1.089834769E0
1.010789700E1,-9.236606830E-1,9.958628694E-2,-4.826759577E-2,9.302667611E-1
1.011790600E1,-8.661729053E-1,1.014770024E-1,-9.504239738E-2,8.772605891E-1
1.012794700E1,-9.362796322E-1,-7.315327249E-2,-1.328159952E-1,9.484782758E-1
1.013795700E1,-1.129867567E0,-3.445104910E-1,-6.950409830E-2,1.183266249E0
1.014799700E1,-1.156973797E0,-1.993736998E-1,1.792288542E-2,1.174163306E0
1.015803700E1,-1.071085435E0,-8.438427541E-3,-1.588337660E-1,1.082831188E0
1.016804700E1,-9.695658575E-1,7.588567637E-2,-2.140022457E-1,9.957979459E-1
1.017808700E1,-7.798381083E-1,1.600176444E-1,-1.595675915E-1,8.119205245E-1
1.018809700E1,-5.209008875E-1,2.001728497E-1,-5.432823479E-2,5.606767887E-1
1.019813700E1,-4.620635358E-1,2.572083454E-1,3.555808783E-2,5.300219068E-1
1.020817700E1,-5.965057513E-1,2.977031643E-1,3.428573370E-2,6.675490970E-1
1.021818700E1,-7.269337437E-1,1.772411298E-1,-1.624374050E-1,7.656585377E-1
1.022822800E1,-8.983861665E-1,9.872438908E-2,-2.594374502E-1,9.402935710E-1
1.023823700E1,-1.064586182E0,1.459856059E-1,-1.475527328E-1,1.084632354E0
1.024827800E1,-1.196314522E0,1.344326407E-1,-8.973663390E-2,1.207184010E0
1.025828700E1,-1.165854475E0,-2.149268366E-2,-1.600862396E-1,1.176990313E0
1.026832800E1,-1.032025084E0,-1.395158080E-1,-2.227099192E-1,1.064960160E0
1.027836800E1,-8.736979795E-1,-5.964868940E-2,-1.077086359E-1,8.823305932E-1
1.028837800E1,-6.700112455E-1,1.477997777E-1,7.195174277E-2,6.898817990E-1
1.029841800E1,-5.775577394E-1,2.404017117E-1,1.362769622E-1,6.402634893E-1
1.030842800E1,-3.938214859E-1,2.026830594E-1,5.128651321E-2,4.458767675E-1
1.031846800E1,-2.582435036E-1,2.307070099E-2,-2.688725173E-2,2.606624037E-1
1.032847800E1,-1.263077884E-1,-8.971138123E-2,-9.706377983E-3,1.552288733E-1
1.033851800E1,1.581320818E-1,-1.015014693E-1,-2.575990856E-2,1.896625331E-1
1.034855800E1,1.883444807E-1,8.494164297E-2,-3.095165133E-2,2.089180002E-1
1.035856800E1,-2.336828224E-1,1.958758589E-1,1.238095289E-1,3.290954467E-1
1.036860800E1,-6.086048830E-1,4.923534650E-2,1.906683469E-1,6.396705726E-1
1.037861800E1,-5.773420136E-1,-5.072757421E-2,-2.707845569E-3,5.795726183E-1
1.038865800E1,-3.948086055E-1,-6.556143042E-2,-1.151661748E-1,4.164557407E-1
1.039869900E1,-1.062018907E-1,-1.008707192E-1,-1.321669543E-1,1.972862068E-1
1.040870800E1,1.560276506E-1,-1.343397248E-1,-1.482836348E-1,2.537317989E-1
1.041874900E1,3.900773675E-1,-6.510235090E-3,-1.700323534E-1,4.255745963E-1
1.042875900E1,6.291009088E-1,1.470689854E-1,1.170261741E-2,6.461688565E-1
1.043879900E1,8.218131499E-1,1.160178400E-1,1.018760383E-2,8.300245658E-1
1.044880900E1,7.412896813E-1,2.455044854E-3,-2.261188459E-1,7.750136459E-1
1.045884900E1,5.477501689E-1,-1.107932249E-2,-2.827777809E-1,6.165357023E-1
1.046888900E1,2.600977287E-1,1.872716445E-1,-1.377311647E-1,3.488429031E-1
1.047889900E1,3.123212400E-1,1.279236482E-1,7.210786343E-3,3.375811193E-1
1.048893900E1,8.205928360E-1,-1.648664115E-1,-2.551759994E-1,8.750247578E-1
1.049894900E1,1.167547975E0,-1.006276030E-1,-4.164960015E-1,1.243689313E0
1.050898900E1,1.378871830E0,-4.888915479E-2,4.095682204E-2,1.380346020E0
1.051903000E1,1.547371336E0,-1.101130293E-1,3.891883349E-1,1.599359400E0
1.052903900E1,1.592405129E0,-2.227941008E-1,1.724332201E-1,1.617134664E0
1.053908000E1,1.630970586E0,-2.524725941E-1,-3.327352220E-1,1.683603336E0
1.054908900E1,1.554416792E0,-2.225015391E-2,-3.806666028E-1,1.600504201E0
1.055913000E1,1.568812930E0,1.487214999E-1,-9.391330004E-2,1.578642392E0
1.056913900E1,1.660216605E0,7.835071631E-2,-3.715320826E-3,1.662068534E0
1.057918000E1,1.847220940E0,-3.269675285E-2,-1.109848309E-1,1.850840866E0
1.058922000E1,1.957808307E0,-3.683617953E-2,-2.890617836E-1,1.979375402E0
1.059923000E1,1.893505891E0,2.657704781E-2,-2.326642191E-1,1.907931744E0
1.060927000E1,1.781721015E0,-4.528670350E-2,-8.934720933E-2,1.784534557E0
1.061928000E1,1.828419218E0,-2.272263451E-1,-2.615634978E-2,1.842670020E0
1.062932000E1,1.823748316E0,-2.563795208E-1,3.817997932E-2,1.842076570E0
1.063936000E1,1.718563777E0,-1.048871991E-1,2.687315995E-1,1.742607085E0
1.064937000E1,1.586496518E0,1.708198272E-2,5.188906878E-1,1.669284440E0
1.065941000E1,1.355681334E0,-1.060997563E-1,3.162244391E-1,1.396111362E0
1.066942000E1,1.194551001E0,-2.434951081E-1,-8.329007864E-2,1.221957119E0
1.067946000E1,1.045212529E0,-2.421764147E-1,-1.888223809E-1,1.089390902E0
1.068947000E1,1.164764189E0,-1.008997726E-1,-2.895517802E-1,1.204448676E0
1.069951000E1,9.280889987E-1,3.787619135E-2,-2.037871599E-2,9.290850809E-1
1.070955100E1,2.760726325E-1,-1.132183119E-1,2.326373219E-1,3.783577780E-1
1.071956100E1,-1.753850956E-1,-6.818339044E-2,-5.457089424E-2,1.959257231E-1
1.072960100E1,-4.006577946E-2,-9.357006848E-3,-1.590085977E-1,1.642454091E-1
1.073961100E1,9.612939477E-2,-6.703483283E-2,2.993248165E-2,1.209565327E-1
1.074965100E1,2.146026816E-2,-1.339562205E-1,-1.211133778E-2,1.362038789E-1
1.075966100E1,-5.122251361E-2,-1.141999589E-1,-1.418815184E-1,1.891976262E-1
1.076970100E1,-5.897044893E-2,-2.684192668E-2,-2.102775693E-1,2.200333134E-1
1.077976488E1,-1.115256709E-1,7.263918347E-2,-1.533888388E-1,2.030826485E-1
1.078977487E1,-1.068770522E-1,1.345333773E-1,-3.003948569E-2,1.744256420E-1
1.079981488E1,-4.919630720E-2,1.069351407E-1,-3.243567467E-2,1.220961668E-1
1.080982487E1,-3.735645382E-2,9.821293130E-2,-1.250888997E-1,1.633662063E-1
1.081986487E1,-3.392113240E-2,1.287030455E-1,-1.110093892E-1,1.733153242E-1
1.082990587E1,-9.545049649E-3,1.599603143E-2,-8.225336730E-2,8.433621658E-2
1.083991487E1,-1.635690057E-2,-4.703538643E-2,-9.825076461E-2,1.101502997E-1
1.084995588E1,2.490120839E-2,1.688315911E-2,-1.705153334E-1,1.731490403E-1
1.085996487E1,6.820774318E-2,7.115183453E-2,-1.701481283E-1,1.966348528E-1
1.087000588E1,-7.574734404E-3,6.215777532E-2,-1.383117932E-1,1.518259457E-1
1.088001487E1,-6.296703910E-2,3.831611895E-2,-1.506073183E-1,1.676768836E-1
1.089005588E1,-5.536741292E-2,1.364973108E-2,-1.106217188E-1,1.244549325E-1
1.090009588E1,-1.863763261E-1,-3.829653078E-2,-5.009660482E-2,1.967547433E-1
1.091010587E1,-2.937162586E-1,-1.047735347E-1,-6.069643736E-2,3.176960680E-1
1.092014588E1,-2.831466306E-1,-3.152181881E-2,2.656623960E-2,2.861317958E-1
1.093015587E1,-3.181735719E-1,1.779096127E-1,3.886422050E-1,5.328498998E-1
1.094019588E1,-7.065455625E-2,-1.881551588E-1,5.827066147E-1,6.163938911E-1
1.095023587E1,-3.613217477E-2,-2.544951642E-1,3.903186017E-1,4.673563239E-1
1.096024588E1,-2.128751948E-3,2.499662582E-1,1.281043088E-1,2.808885468E-1
1.097028588E1,-1.243305524E-1,3.880589452E-1,-1.349587659E0,1.409764051E0
1.098029587E1,-4.940521908E-1,6.329991744E-1,-1.343303656E0,1.565004867E0
1.099033588E1,7.720982952E-1,1.715836014E-1,-3.297420323E-1,8.569168673E-1
1.100034587E1,-3.147244456E-1,-3.699187627E-1,4.497333294E-1,6.619300833E-1
1.101038688E1,-3.291953907E-1,1.034067480E-1,2.189361262E-1,4.086509368E-1
1.102042687E1,-4.418039203E-2,-1.954950772E-2,-1.194878519E-2,4.976809982E-2
1.103043688E1,1.012989912E-2,-5.932391312E-2,-9.407000542E-2,1.116741127E-1
1.104047687E1,-9.959529530E-2,-4.555353753E-2,-1.442046171E-1,1.810782130E-1
1.105048687E1,-1.161531482E-1,-3.028565347E-3,-1.310209000E-1,1.751205365E-1
1.106052688E1,-5.139443088E-2,4.955848739E-2,2.094881952E-2,7.440621102E-2
1.107056687E1,-4.120503634E-2,3.715541923E-2,6.000705063E-2,8.172653378E-2
1.108057688E1,-9.428101681E-2,6.889373121E-2,-4.847809553E-2,1.264333108E-1
1.109061687E1,-1.057253335E-1,6.067122124E-2,-1.939100432E-1,2.290413676E-1
1.110062688E1,-6.401361762E-2,-2.204225798E-2,-1.553663671E-1,1.694765836E-1
1.111066687E1,1.351147184E-2,-1.868289554E-1,4.998784661E-3,1.873835807E-1
1.112067687E1,4.503549250E-2,-3.770025548E-1,-2.657226223E-1,4.634302902E-1
1.113071688E1,-5.809795300E-2,-2.960141412E-1,-9.513799936E-1,9.980599361E-1
1.114075787E1,-5.076503294E-2,4.878318314E-2,-9.779339540E-1,9.804650457E-1
1.115076688E1,1.761827106E-1,1.876318512E-1,1.736544696E0,1.755515178E0
1.116080787E1,1.259189851E-1,2.770694183E-1,1.829479757E0,1.854621049E0
1.117081688E1,7.969851779E-2,-2.371817962E-3,-6.375593448E-1,6.425257951E-1
1.118085787E1,-1.709088510E-1,1.033496737E-2,9.275730550E-2,1.947320329E-1
1.119089787E1,-3.466760256E-2,2.261598404E-2,-5.694310963E-2,7.039774951E-2
1.120090787E1,-4.984143781E-2,6.627183971E-3,-4.137899101E-2,6.511765803E-2
1.121094787E1,-5.951690778E-2,7.262456543E-3,-6.636589766E-4,5.996203824E-2
1.122095788E1,-6.006643642E-2,1.059649323E-2,-6.937312067E-2,9.237365600E-2
1.123099787E1,-6.516010586E-2,5.321843326E-3,-6.817678034E-2,9.445758196E-2
1.124100788E1,-6.017262734E-2,4.311270872E-3,-5.036616147E-2,7.858805480E-2
1.125104787E1,-5.631936704E-2,2.216801423E-2,-6.623375058E-2,8.972291611E-2
1.126108787E1,-5.404985251E-2,2.500345701E-2,-8.000628233E-2,9.973747857E-2
1.127109788E1,-5.306679395E-2,1.594140108E-2,-5.231503844E-2,7.620417400E-2
1.128113887E1,-4.967335321E-2,2.565527081E-2,-5.830375671E-2,8.077724299E-2
1.129114788E1,-4.915632687E-2,2.475114965E-2,-6.548823059E-2,8.554339382E-2
1.130118887E1,-5.303773146E-2,1.925102107E-2,-5.560877502E-2,7.922082194E-2
1.131119788E1,-5.340921694E-2,1.360070127E-2,-4.572990417E-2,7.161527536E-2
1.132123887E1,-5.118315454E-2,2.721506583E-2,-6.848317444E-2,8.972357716E-2
1.133127888E1,-4.857122615E-2,2.539132840E-2,-6.968009949E-2,8.865212819E-2
1.134128887E1,-4.735568594E-2,2.316010400E-2,-5.590990663E-2,7.684314587E-2
1.135132887E1,-4.149333148E-2,2.304431543E-2,-5.845519960E-2,7.529772501E-2
1.136133888E1,-5.021492871E-2,2.625701782E-2,-5.201799989E-2,7.692101379E-2
1.137137887E1,-5.598687974E-2,1.640294739E-2,-5.561111391E-2,8.059890431E-2
1.138141888E1,-5.297504291E-2,2.287442184E-2,-6.099932313E-2,8.396732560E-2
1.139142887E1,-6.333835557E-2,3.063903543E-2,-6.653780580E-2,9.683892492E-2
1.140146888E1,-5.819000096E-2,2.621880078E-2,-7.357259095E-2,9.739829498E-2
1.141147887E1,-6.681428773E-2,5.434872746E-3,-5.515970886E-2,8.681175248E-2
1.142151887E1,-5.791995553E-2,4.066350195E-3,-4.857340515E-2,7.570093883E-2
1.143152888E1,-4.085294260E-2,5.030578896E-3,-7.866142273E-2,8.878000377E-2
1.144156887E1,-4.653692957E-2,4.007106023E-3,-8.135348082E-2,9.380901638E-2
1.145160988E1,-4.686929810E-2,4.629683741E-3,-5.770324767E-2,7.448375573E-2
1.146161887E1,-5.159778151E-2,8.147528563E-3,-6.369021177E-2,8.237206052E-2
1.147165988E1,-5.695696022E-2,2.322821493E-2,-7.416842222E-2,9.635662998E-2
1.148166987E1,-7.500075967E-2,2.369722558E-2,-7.237157285E-2,1.068845967E-1
1.149170988E1,-6.827517802E-2,3.207674699E-2,-6.878021300E-2,1.020839622E-1
1.150174988E1,-6.516119764E-2,2.823117943E-2,-7.147402525E-2,1.007547391E-1
1.151175987E1,-6.001748883E-2,3.106534313E-2,-7.192309141E-2,9.869187194E-2
1.152179988E1,-6.570524908E-2,3.489242801E-2,-7.177457213E-2,1.033743222E-1
1.153180987E1,-5.811533019E-2,3.028730714E-2,-6.159573913E-2,8.993746525E-2
1.154184988E1,-4.423191148E-2,2.363979039E-2,-5.590815246E-2,7.510674533E-2
1.155185987E1,-3.618036862E-2,1.776506084E-2,-6.099873841E-2,7.311267022E-2
1.156189987E1,-3.943116927E-2,1.294436501E-2,-7.626698792E-2,8.682757132E-2
1.157194087E1,-4.444084437E-2,3.926021587E-3,-7.252476990E-2,8.514836783E-2
1.158194987E1,-4.800160684E-2,5.447170171E-3,-5.875340760E-2,7.606437291E-2
1.159199088E1,-5.132410441E-2,1.145003140E-2,-4.198827088E-2,6.729250927E-2
1.160199987E1,-6.062766405E-2,9.065619078E-3,-5.051994324E-2,7.943653922E-2
1.161204088E1,-7.008935433E-2,2.389259110E-3,-6.324406922E-2,9.443536648E-2
1.162208087E1,-7.383449596E-2,1.143659194E-2,-5.216710389E-2,9.112483282E-2
1.163209088E1,-7.558967021E-2,1.646118200E-2,-5.785410583E-2,9.660158548E-2
1.164213087E1,-7.579911930E-2,1.679988654E-2,-7.401873350E-2,1.072684277E-1
1.165214087E1,-6.247721145E-2,3.221285007E-2,-6.743184507E-2,9.740699867E-2
1.166218088E1,-5.713016571E-2,3.714719202E-2,-7.177281797E-2,9.897023345E-2
1.167219087E1,-4.035095457E-2,3.763532946E-2,-6.488655210E-2,8.517559627E-2
1.168223088E1,-3.843288511E-2,4.376420732E-2,-6.698219419E-2,8.876376985E-2
1.169227087E1,-3.440834250E-2,3.672343791E-2,-8.329826474E-2,9.731981214E-2
1.170228088E1,-3.819705502E-2,2.034418087E-2,-7.776153624E-2,8.899301785E-2
1.171232087E1,-3.248759155E-2,2.530153253E-2,-6.829840243E-2,7.975138198E-2
1.172233087E1,-7.605003795E-2,3.724155146E-2,-6.153083503E-2,1.046737077E-1
1.173237088E1,-5.364192699E-2,-1.673201316E-2,-5.119763553E-2,7.601719858E-2
1.174238087E1,-5.556199273E-2,-2.030180227E-2,-2.411567152E-2,6.388163917E-2
1.175242088E1,-5.839657213E-2,-1.489312779E-2,-1.291299105E-2,6.163367772E-2
1.176246187E1,-6.428329303E-2,-7.916207230E-3,-1.656089348E-1,1.778238661E-1